0001-0109-0118,0001-0097-0091,0001-0073-0114,0001-0045-0079,0001-0117-0047,0001-0125-0028,0001-0125-0009,0001-0048-0145,0001-0096-0205,Average,Err
717.951,532.774,489.373,428.350,756.049,446.270,389.503,673.549,686.993,568.979,43.990
716.582,522.117,464.782,416.418,819.891,435.069,388.845,687.104,594.567,560.597,47.846
692.265,511.782,484.807,414.728,824.473,447.072,388.364,710.292,651.858,569.516,48.298
685.659,525.538,485.706,419.056,793.560,453.979,386.542,668.569,662.000,564.512,44.479
692.364,525.459,481.182,415.763,815.620,452.084,381.621,699.840,640.590,567.169,47.157
694.130,526.385,472.357,421.271,832.489,443.910,397.164,729.549,621.634,570.988,48.655
706.373,525.801,463.856,411.910,811.652,437.793,382.706,714.042,666.955,569.010,49.429
708.129,527.022,476.613,418.930,796.397,457.973,378.359,672.875,679.351,568.405,46.550
696.590,525.856,463.796,407.184,772.228,435.688,373.573,690.326,659.231,558.275,46.413
690.759,515.243,470.144,415.845,779.418,446.465,378.975,695.340,668.978,562.352,46.068
694.456,523.208,490.112,415.244,840.516,453.078,382.444,685.243,708.493,576.977,49.946
701.561,533.623,471.899,400.127,767.234,435.991,395.068,698.319,671.104,563.881,45.937
694.821,531.963,472.061,426.718,804.582,458.003,394.175,706.521,649.007,570.872,45.881
705.866,536.543,481.598,414.729,784.266,456.348,380.989,665.924,693.448,568.857,45.877
703.953,538.434,492.020,414.226,795.652,466.649,399.949,686.361,677.015,574.918,45.076
721.249,536.305,471.218,419.796,784.549,442.856,396.638,702.792,683.425,573.203,47.008
706.795,514.119,473.872,423.576,784.571,437.384,384.619,647.639,642.963,557.282,44.501
692.214,523.293,484.728,422.880,786.815,468.913,384.949,670.403,646.075,564.474,43.475
709.736,512.722,485.578,415.763,758.804,442.345,384.206,656.319,648.448,557.102,43.361
697.760,522.643,485.393,411.227,798.054,454.538,395.862,675.083,636.776,564.148,44.692
693.497,529.199,475.092,416.142,759.495,461.910,377.192,699.743,631.164,560.382,43.618
711.594,530.839,471.681,419.109,787.109,452.844,382.689,662.681,676.567,566.124,45.782
696.198,525.821,461.645,429.466,795.065,448.309,394.610,660.965,628.761,560.093,43.947
707.790,526.385,476.031,430.541,825.973,441.399,371.952,692.833,662.791,570.633,48.958
706.651,541.295,474.063,416.728,780.092,480.547,388.240,689.181,656.687,570.387,44.318
710.124,539.258,486.649,414.893,783.467,444.832,387.969,677.243,681.873,569.590,45.808
700.446,522.223,468.290,417.843,804.467,454.754,374.571,688.701,605.537,559.648,46.299
691.225,524.067,480.011,419.440,792.288,438.757,388.554,677.403,694.381,567.347,46.358
709.637,527.603,476.910,419.320,807.902,446.805,387.234,679.562,655.149,567.791,46.753
718.997,516.995,476.472,416.897,826.592,434.640,380.427,703.944,651.866,569.648,49.931
695.532,545.313,467.542,411.123,781.630,435.637,387.305,706.771,697.522,569.819,47.570
716.640,541.836,469.827,422.789,794.658,460.294,387.107,713.882,655.910,573.660,46.867
692.554,523.809,486.793,419.243,805.473,446.417,382.811,644.965,654.754,561.869,45.102
697.868,518.305,473.607,413.329,766.043,443.057,389.958,679.569,611.530,554.807,43.244
694.918,512.762,468.787,422.112,804.424,461.793,384.607,679.042,641.582,563.336,45.629
701.333,536.293,486.290,415.093,795.853,447.763,384.288,696.410,657.806,569.014,46.283
691.195,519.442,485.027,418.731,774.500,466.048,397.944,708.326,652.164,568.153,43.805
703.960,543.345,482.326,418.265,801.924,441.580,390.218,732.229,690.806,578.295,48.720
696.216,529.489,485.112,421.855,814.005,440.724,394.031,726.972,649.060,573.052,47.758
695.462,516.811,482.485,417.243,847.011,427.505,396.472,681.396,643.791,567.575,49.005
688.985,524.442,505.912,418.871,762.261,468.559,377.489,674.104,673.500,566.014,42.875
689.113,519.174,479.054,415.607,820.571,446.369,381.364,673.424,683.604,567.587,47.930
696.267,541.206,489.162,420.535,824.859,443.820,375.494,666.549,621.903,564.422,46.626
724.863,523.675,485.431,424.819,811.582,439.799,393.946,672.986,638.358,568.384,46.603
701.082,510.650,485.719,424.946,791.663,443.706,388.102,718.042,655.493,568.822,46.645
695.951,535.429,471.063,407.324,822.484,440.381,385.353,691.639,662.127,567.972,48.585
712.345,541.660,462.371,414.332,815.978,454.688,370.876,664.125,664.619,566.777,48.183
697.367,529.268,470.751,418.293,833.962,452.838,395.610,739.618,706.022,582.637,50.966
702.483,536.069,475.094,419.302,820.609,431.339,389.000,662.271,631.075,563.027,46.748
692.082,524.516,479.256,426.528,795.620,455.144,387.785,670.986,653.500,565.046,44.450
700.838,535.107,478.955,418.875,790.707,445.468,369.559,718.035,640.672,566.468,47.226
719.966,511.593,480.870,422.078,805.755,451.997,387.636,715.347,656.396,572.404,48.052
712.089,525.164,484.726,421.090,820.696,449.610,386.862,720.250,650.545,574.559,48.611
710.725,524.027,505.544,425.431,809.962,449.435,379.316,690.271,625.701,568.935,46.216
702.931,524.469,481.917,416.732,807.158,462.685,390.178,675.299,643.940,567.256,45.485
708.010,525.484,472.431,424.567,768.027,453.571,382.294,682.389,631.701,560.942,43.801
705.356,512.340,472.942,408.699,832.603,447.772,398.585,685.208,650.963,568.274,48.454
708.994,517.965,480.510,420.100,795.935,451.742,392.946,702.139,628.851,566.576,45.772
700.268,501.107,471.364,418.781,824.505,452.820,399.833,689.333,640.754,566.529,47.260
706.181,527.494,480.555,439.834,783.217,453.727,387.048,658.361,649.381,565.089,43.268
727.003,532.739,464.867,420.655,776.886,456.823,384.944,686.701,679.470,570.010,46.462
727.751,527.749,486.038,422.727,793.967,443.123,387.161,692.660,649.425,570.067,46.674
708.012,530.784,464.166,420.022,793.359,438.847,388.839,731.194,655.940,570.129,48.120
696.485,534.119,487.216,426.091,795.755,440.709,395.099,673.403,635.769,564.961,44.153
703.881,524.603,469.162,413.773,741.076,450.880,392.627,698.694,643.582,559.809,43.108
706.392,529.236,484.883,424.666,847.527,449.853,382.862,717.201,640.776,575.933,49.873
709.547,539.099,503.303,423.440,800.092,462.595,393.780,710.076,625.575,574.167,45.057
701.360,546.563,478.964,415.811,755.250,441.505,383.701,759.021,669.866,572.449,47.278
695.340,522.437,477.324,411.122,786.511,456.024,393.370,682.535,622.358,560.780,44.097
720.871,520.841,476.733,424.357,797.478,451.628,374.045,676.076,627.806,563.315,46.273
713.574,536.588,470.398,419.237,748.141,464.489,402.918,665.833,689.172,567.817,42.818
702.833,511.789,482.382,410.266,764.380,443.697,385.175,692.257,683.672,564.050,45.768
712.469,541.248,472.148,424.307,765.826,463.114,382.500,666.292,629.433,561.926,42.900
691.019,532.744,476.562,416.804,754.549,439.024,388.223,667.444,656.149,558.058,42.763
701.629,531.635,474.742,421.160,785.582,453.580,398.280,731.854,691.149,576.623,47.143
704.439,533.169,486.969,417.746,822.924,465.661,394.254,731.562,678.075,581.644,48.663
698.351,520.883,481.312,424.394,828.027,452.508,391.500,700.007,665.164,573.572,47.925
711.238,525.233,484.108,421.717,803.668,461.312,395.215,686.069,656.239,571.644,45.700
700.246,526.027,499.690,418.906,806.348,460.862,392.441,687.389,631.933,569.316,44.939
703.803,535.856,482.829,422.908,814.924,444.529,385.726,703.972,664.537,573.232,47.763
703.258,530.476,488.924,421.095,783.766,445.553,400.006,680.222,626.910,564.468,43.498
715.711,529.117,480.582,417.032,787.571,468.339,397.958,698.111,670.493,573.879,45.534
711.625,529.881,479.245,421.443,812.022,447.360,387.616,687.653,689.843,574.076,48.036
697.487,523.655,477.962,424.419,814.462,446.207,386.141,687.542,615.761,563.737,46.150
654.671,501.630,444.560,401.645,736.326,419.721,359.350,658.208,568.463,527.175,41.843
595.096,460.273,410.038,384.115,654.033,402.159,357.034,617.917,617.612,499.809,37.453
544.577,422.660,361.849,373.757,579.527,405.063,352.469,576.646,566.881,464.825,31.290
479.540,365.169,342.865,355.570,550.326,387.114,332.895,548.458,523.582,431.724,29.038
437.437,334.196,317.951,334.741,493.505,370.799,329.020,507.549,478.134,400.370,24.602
396.974,305.834,312.252,328.161,435.076,355.706,315.268,505.743,446.306,377.924,22.512
370.704,302.876,294.272,318.776,389.549,350.940,316.141,453.500,417.209,357.107,17.291
351.015,294.027,303.665,305.740,379.495,327.748,306.986,426.667,402.269,344.179,15.219
336.809,293.610,291.384,299.916,342.065,320.592,290.528,398.382,377.843,327.903,12.415
325.880,287.305,286.182,294.729,339.978,303.231,285.042,366.465,365.567,317.153,10.512
322.327,289.777,290.906,293.921,331.158,305.667,288.302,360.014,340.179,313.583,8.178
324.761,286.896,293.667,288.609,326.853,294.820,284.099,360.736,314.716,308.351,8.038
320.478,283.563,294.492,284.829,326.576,291.390,279.831,356.750,341.709,308.847,8.884
316.187,284.983,286.427,289.128,322.478,294.538,279.997,352.090,327.799,305.958,7.771
317.077,289.499,290.169,282.215,318.663,288.805,278.254,359.972,315.694,304.483,8.183
315.344,295.102,285.456,286.311,322.228,285.952,272.395,343.146,318.896,302.759,7.254
316.095,287.442,289.288,285.749,321.109,292.333,281.277,367.757,320.418,306.830,8.733
312.549,285.129,284.324,288.805,305.935,284.108,278.164,353.896,321.090,301.555,7.732
317.372,286.591,285.020,289.594,308.092,289.838,278.198,345.632,317.649,301.998,6.864
312.665,285.797,285.378,289.343,312.277,289.865,269.350,364.014,318.425,303.013,8.776
308.591,282.916,289.697,288.624,305.272,293.435,272.203,350.292,321.485,301.391,7.386
318.164,284.660,285.445,285.421,304.739,287.390,273.774,357.944,304.903,300.271,8.043
309.901,280.933,291.231,288.158,289.272,285.751,272.565,345.528,303.336,296.297,6.768
318.820,283.620,286.485,289.550,306.408,281.225,277.766,356.812,318.828,302.168,8.121
308.977,282.819,292.465,285.311,322.141,283.306,270.650,358.243,310.201,301.568,8.428
316.341,283.161,286.656,284.809,305.304,285.616,273.630,363.903,314.403,301.536,8.720
316.735,278.610,289.719,287.667,296.418,279.147,278.251,358.965,309.284,299.422,8.222
313.677,279.486,285.515,285.908,312.668,278.622,275.209,359.771,313.239,300.455,8.603
312.245,282.223,288.589,289.243,313.625,287.255,273.099,367.188,337.037,305.612,9.549
311.443,283.772,290.870,290.444,305.984,282.477,269.141,359.438,305.269,299.871,8.183
314.417,282.620,282.978,286.168,307.864,281.129,275.613,376.486,322.866,303.349,10.108
309.400,281.655,283.193,287.641,314.277,282.219,272.393,374.472,339.776,305.003,10.567
312.292,283.481,283.939,287.399,306.174,286.333,274.918,360.347,312.403,300.810,8.229
311.806,277.667,299.681,286.754,322.620,289.982,265.186,362.889,343.090,306.630,9.971
306.682,288.588,290.175,284.371,322.158,283.847,271.602,397.000,356.731,311.239,12.941
309.461,284.089,291.416,284.165,311.250,278.111,272.158,382.639,352.664,307.328,11.742
311.468,288.489,285.971,288.364,320.788,282.640,272.562,392.681,364.403,311.930,12.929
313.319,281.625,293.283,285.765,321.152,279.291,268.285,364.556,354.291,306.841,10.737
309.055,280.270,287.319,282.421,315.027,271.946,269.811,375.590,388.672,308.901,13.935
313.645,281.337,280.649,282.099,331.076,279.577,271.130,379.917,369.731,309.907,13.058
313.932,285.958,290.517,289.962,326.261,278.324,275.014,411.340,406.597,319.767,16.707
315.568,285.400,285.521,284.759,342.120,275.357,269.638,405.285,425.910,321.062,18.307
311.317,286.295,294.393,284.203,327.005,289.408,266.198,419.604,431.381,323.312,19.005
314.869,288.330,287.906,284.426,351.891,280.628,269.983,443.688,478.119,333.316,24.114
313.040,282.769,295.431,286.490,351.511,284.712,266.463,494.736,469.522,338.297,26.792
319.937,281.913,300.112,279.887,400.614,283.928,270.048,532.354,484.806,350.400,30.970
312.393,293.469,292.461,284.614,408.234,284.556,269.381,532.278,483.664,351.228,30.922
317.662,290.864,295.218,281.683,425.386,279.946,276.076,518.069,522.149,356.339,32.544
326.181,304.985,303.921,282.966,473.245,280.988,274.912,566.389,524.448,370.893,36.536
325.283,301.883,304.515,285.173,466.505,273.646,270.508,595.861,556.925,375.589,40.413
319.877,305.238,310.272,289.468,499.500,289.177,276.709,585.076,576.709,383.559,40.990
322.795,309.995,320.964,286.418,536.168,286.970,271.887,584.812,553.873,385.987,41.127
328.091,315.553,317.569,292.007,529.304,287.054,270.158,587.243,580.851,389.759,42.152
336.524,327.447,323.573,293.967,553.402,295.099,269.333,634.653,584.933,402.103,45.435
341.909,324.089,323.258,291.972,584.386,292.577,273.460,642.750,579.090,405.943,47.000
338.909,338.027,326.407,292.138,628.891,292.081,275.508,646.743,563.910,411.402,48.526
346.509,347.707,331.939,296.992,648.266,293.132,274.562,610.271,565.612,412.777,47.115
356.036,366.943,338.097,297.771,614.272,295.420,280.336,648.597,524.351,413.536,45.009
368.585,377.901,344.739,290.486,650.533,311.967,275.856,659.201,546.090,425.040,47.834
367.024,390.762,338.303,300.193,660.696,294.625,273.469,654.736,549.082,425.432,48.599
373.040,400.268,348.872,300.271,673.283,298.985,277.119,616.451,479.082,418.597,44.896
388.414,423.722,333.011,303.067,697.734,306.655,279.065,655.243,512.418,433.259,48.989
399.481,417.593,350.609,299.368,684.728,310.309,278.893,645.764,521.246,434.221,47.300
411.482,418.017,356.744,302.165,686.707,316.366,279.862,577.910,543.187,432.493,44.191
415.236,414.025,366.063,298.473,682.136,301.994,282.554,530.583,527.104,424.241,41.989
427.779,433.251,356.733,304.318,695.913,311.547,286.664,491.306,561.470,429.887,42.674
425.407,434.561,340.281,301.195,673.804,305.312,282.028,479.118,556.261,421.996,41.476
421.508,428.189,339.058,300.299,687.870,311.024,280.924,447.444,575.343,421.295,42.859
430.804,429.541,337.535,296.578,638.185,304.832,277.610,456.479,537.276,412.093,38.153
430.168,422.806,337.852,302.381,553.315,306.003,278.946,520.000,579.328,414.533,36.256
429.823,419.233,327.622,300.444,478.989,311.742,273.915,527.681,617.037,409.610,36.669
430.607,393.380,333.674,303.205,438.614,304.640,284.184,562.785,578.866,403.328,34.630
429.682,388.055,336.434,303.144,439.310,317.940,281.192,567.569,594.955,406.476,35.582
418.169,371.829,343.175,304.432,437.511,306.718,280.489,573.236,623.806,406.596,38.101
427.601,379.797,341.115,302.192,420.071,302.823,285.924,607.833,644.881,412.471,41.399
443.432,368.228,354.697,297.544,502.663,305.772,274.209,610.938,658.090,423.952,43.974
435.041,378.792,349.135,304.564,516.375,314.063,280.384,601.576,652.933,425.874,42.628
446.402,394.395,358.407,300.641,535.250,308.342,271.839,630.840,673.806,435.547,46.320
446.012,398.901,372.499,303.096,598.837,299.039,275.071,667.903,650.963,445.813,48.872
448.445,416.323,372.975,307.825,604.446,312.931,280.011,658.757,646.478,449.799,47.272
457.157,428.816,392.555,301.254,622.207,303.480,277.621,683.674,575.806,449.174,46.771
462.422,429.985,383.582,302.149,664.332,307.691,279.232,713.889,560.746,456.003,50.155
456.713,444.524,381.964,297.628,642.864,311.243,279.556,664.257,571.866,450.068,46.372
452.596,466.486,399.703,299.920,675.668,302.568,275.596,635.708,529.201,448.605,45.698
462.121,466.739,385.640,300.409,683.359,311.417,281.421,636.736,496.537,447.153,45.269
456.325,471.975,401.085,308.235,684.679,310.075,285.794,689.910,453.142,451.247,47.425
464.374,469.660,396.865,304.948,726.478,314.577,278.302,682.729,504.007,460.216,50.290
450.747,477.854,393.611,304.896,718.897,321.934,281.749,684.653,460.955,455.033,49.314
457.522,475.650,383.506,300.008,702.989,312.387,279.565,657.083,476.746,449.495,47.560
461.504,483.462,372.025,304.356,738.418,320.333,273.186,645.639,508.343,456.363,49.829
466.021,458.906,363.924,304.452,732.277,319.135,278.446,653.979,576.776,461.546,51.117
477.384,464.184,337.751,305.247,731.016,319.237,277.000,701.806,529.112,460.304,53.196
464.443,447.702,312.146,306.796,746.141,319.616,279.565,659.833,595.470,459.079,54.197
478.052,448.744,313.124,303.792,750.788,307.057,274.703,641.375,581.045,455.409,53.986
482.719,427.241,310.820,300.508,741.609,315.847,274.630,643.833,607.209,456.046,54.325
472.244,395.737,317.369,298.222,751.315,301.363,281.062,573.903,617.627,445.427,53.142
489.261,369.519,329.555,305.714,771.940,308.408,277.455,552.688,618.478,447.002,53.938
485.097,376.985,339.719,299.485,696.935,319.318,272.483,496.292,624.149,434.496,47.304
507.787,349.747,352.769,303.780,771.630,318.730,279.215,504.583,634.410,446.961,53.400
500.412,360.382,358.236,298.637,762.772,304.967,280.616,497.181,653.470,446.297,53.629
504.872,366.824,386.539,303.401,765.321,325.078,278.977,499.618,641.537,452.463,51.976
508.714,385.151,381.169,302.819,724.620,312.237,276.780,529.000,629.440,449.992,49.303
509.405,408.643,378.151,301.348,766.957,311.904,276.864,560.549,630.970,460.532,52.819
512.351,419.891,398.022,302.647,759.636,322.438,278.689,595.368,660.328,472.152,53.478
511.428,432.119,404.029,306.165,774.462,318.967,279.647,564.618,652.007,471.494,53.072
505.637,439.792,415.533,301.157,777.250,311.126,278.034,655.278,636.694,480.056,55.706
487.739,467.831,425.755,302.020,743.842,317.703,276.463,625.444,621.358,474.240,51.285
496.486,460.531,401.593,305.683,778.755,334.526,276.624,638.868,589.493,475.840,52.826
477.332,456.042,409.971,302.325,738.337,313.078,270.328,648.903,590.127,467.382,51.501
479.235,474.072,402.876,303.102,761.397,323.637,274.017,618.799,574.552,467.965,50.947
464.746,477.883,416.254,302.133,743.299,316.213,275.164,671.660,548.373,468.414,51.430
472.729,480.747,404.537,301.221,795.810,325.117,274.311,678.806,507.500,471.197,54.809
471.444,486.839,390.328,304.891,793.717,314.150,278.912,691.194,508.336,471.090,55.542
477.822,479.945,354.382,302.519,769.658,306.381,270.910,667.757,514.201,460.397,54.207
517.308,471.866,327.737,300.526,792.207,320.691,279.621,674.229,518.724,466.990,56.389
517.194,456.911,306.070,305.471,801.696,311.063,274.760,663.243,546.612,464.780,58.024
517.842,449.491,316.674,301.257,790.793,311.544,284.901,686.333,545.530,467.152,57.671
547.480,397.251,312.074,307.269,759.293,313.036,280.203,685.542,564.067,462.913,56.865
547.480,378.623,311.865,304.575,748.038,302.529,280.085,717.340,583.761,463.811,58.996
582.422,352.864,319.804,302.483,746.505,297.706,278.881,674.285,614.090,463.227,58.976
579.858,346.370,329.996,303.887,774.000,312.243,273.864,662.840,597.910,464.552,59.171
589.514,326.429,348.103,300.473,755.592,308.165,281.090,671.972,610.358,465.744,59.032
598.534,344.452,354.319,310.335,763.946,324.321,277.424,667.701,612.366,472.600,58.284
613.692,370.370,368.038,299.714,817.837,318.727,275.992,645.771,637.007,483.016,61.738
607.051,384.573,382.888,304.730,786.065,331.282,281.008,706.667,636.933,491.244,60.416
609.208,395.677,387.065,304.112,794.663,337.387,278.831,684.549,618.254,489.972,59.136
616.857,418.164,402.267,307.790,760.402,345.592,282.201,697.326,618.761,494.373,56.513
593.971,445.779,395.018,304.203,773.766,350.877,274.486,734.569,644.261,501.881,59.314
577.424,432.744,408.038,305.090,764.174,350.766,281.689,703.146,650.239,497.034,56.704
530.825,458.990,414.324,306.950,770.962,358.423,283.034,713.660,637.843,497.223,55.817
462.823,460.223,409.164,298.970,783.745,383.919,284.503,686.507,668.903,493.195,56.103
400.982,457.318,399.328,307.061,784.326,369.985,276.424,711.576,648.440,483.938,57.863
366.609,459.015,411.333,307.683,763.152,388.474,280.949,718.188,661.716,484.124,57.250
360.803,497.467,399.294,306.690,830.500,384.883,275.144,685.819,642.239,486.982,60.161
367.539,470.660,402.883,312.639,778.576,371.171,278.040,740.646,676.851,488.778,60.294
400.262,481.442,362.207,304.016,812.380,375.003,280.381,715.222,644.970,486.209,60.323
414.916,472.677,329.267,316.065,807.391,355.342,283.206,688.868,665.739,481.497,60.189
456.377,463.122,315.200,303.553,778.864,324.363,278.983,677.819,620.328,468.734,57.817
483.231,451.392,304.249,304.527,796.576,292.234,278.483,689.444,606.709,467.427,60.562
532.438,418.923,310.364,303.607,788.130,294.120,275.076,664.847,581.172,463.186,58.765
549.227,387.993,302.766,306.546,803.179,279.931,282.322,711.924,556.358,464.472,62.436
570.116,360.697,326.272,304.975,794.533,274.483,282.384,716.632,546.239,464.037,62.354
577.032,329.491,328.058,306.225,787.679,284.811,284.667,687.125,520.075,456.129,60.415
590.430,338.883,333.007,308.180,754.174,291.994,284.613,690.778,529.664,457.969,58.210
602.599,345.538,354.029,307.001,796.810,302.177,276.842,684.812,519.739,465.505,60.227
610.579,339.551,376.551,303.988,762.842,323.931,279.963,731.000,510.030,470.937,59.420
618.334,374.658,377.501,299.695,770.620,337.228,274.427,659.861,536.209,472.059,56.141
612.296,384.734,390.503,311.490,795.543,348.814,275.966,713.410,584.045,490.756,59.385
611.182,409.916,399.458,305.284,792.152,370.255,280.220,706.743,574.970,494.465,57.422
595.819,422.122,406.454,302.194,787.043,379.592,282.562,716.153,598.067,498.890,57.049
567.477,441.950,392.506,303.789,793.152,378.177,284.458,709.764,607.851,497.680,56.743
493.986,445.236,390.533,301.357,784.630,400.138,273.237,702.438,619.701,490.140,55.702
422.020,458.571,407.112,304.780,849.870,376.892,280.658,702.667,613.090,490.629,60.173
370.978,460.273,397.438,304.756,801.962,382.586,279.590,693.875,653.194,482.739,58.667
355.433,455.752,398.463,298.692,788.690,395.901,283.915,715.375,623.888,479.568,58.006
355.310,462.382,399.856,301.688,800.429,385.201,282.404,654.889,593.545,470.634,55.274
374.839,469.504,399.622,305.489,806.212,394.039,287.429,742.042,641.910,491.232,60.115
406.694,482.203,376.789,306.083,767.967,394.625,281.723,719.792,646.507,486.932,56.721
435.880,489.864,352.674,310.500,791.158,402.688,288.107,731.153,675.672,497.522,59.339
466.851,449.596,333.780,310.031,785.712,361.994,285.356,676.007,633.284,478.068,56.494
512.122,449.854,310.375,312.233,781.533,311.883,281.966,718.472,667.381,482.869,61.781
535.778,424.596,305.782,309.743,760.543,286.736,284.209,688.917,637.955,470.473,59.596
553.613,398.538,311.991,311.456,789.527,283.096,281.638,729.653,636.672,477.354,63.773
572.066,347.447,319.171,312.250,736.310,276.396,286.514,753.903,615.978,468.893,62.563
590.873,324.680,322.721,310.827,819.755,282.456,277.037,799.354,671.627,488.815,72.302
593.361,337.196,327.420,307.468,785.120,292.318,279.362,706.743,659.022,476.446,64.618
604.187,339.784,330.551,307.349,765.277,290.721,285.698,685.465,631.746,471.198,61.537
607.819,340.630,352.964,305.867,814.609,316.255,285.715,735.194,662.269,491.258,66.291
614.793,357.935,369.004,306.653,762.364,325.508,279.234,679.979,699.985,488.384,61.573
611.393,371.042,387.171,303.003,794.533,343.868,277.011,740.042,675.515,500.397,63.814
619.058,397.347,395.387,310.337,759.364,358.426,286.500,710.979,653.403,498.978,58.008
602.621,406.891,403.638,305.238,796.196,376.468,283.989,697.819,633.746,500.734,58.064
566.626,428.988,412.346,307.996,786.576,374.667,285.288,674.264,678.134,501.654,56.660
545.935,449.246,396.222,306.230,826.038,372.874,286.155,739.875,644.134,507.412,60.758
485.122,448.784,396.245,306.843,798.940,378.072,290.282,715.972,622.754,493.668,56.708
419.748,466.643,393.593,315.167,772.973,383.231,291.740,688.396,638.060,485.506,54.117
379.434,460.588,416.306,315.167,763.473,412.300,289.802,721.972,636.776,488.424,55.033
368.542,472.447,399.658,314.988,770.668,411.057,302.418,720.861,611.328,485.774,54.648
374.604,467.819,387.515,324.344,748.826,392.012,311.073,697.993,542.187,471.819,50.107
402.883,475.506,382.870,316.712,793.929,412.468,309.941,693.049,566.381,483.749,52.918
415.310,463.529,367.503,310.963,788.402,410.030,308.379,721.972,538.067,480.462,54.099
466.979,464.439,339.398,315.634,747.799,402.024,317.746,740.361,566.030,484.490,52.860
493.600,454.191,307.065,313.329,773.815,404.790,309.780,743.396,577.045,486.334,56.430
527.511,452.851,301.744,309.735,800.772,412.354,297.718,709.889,552.433,485.001,56.909
544.043,423.926,307.804,317.221,802.000,400.724,293.353,707.264,632.582,492.102,58.984
578.187,384.968,321.888,310.207,804.147,357.844,292.859,723.708,603.903,486.412,61.050
589.569,358.156,314.173,312.194,797.859,310.784,275.466,755.194,619.358,481.417,65.654
601.756,322.821,327.308,312.371,806.636,287.742,271.534,716.507,640.530,476.356,66.634
615.989,333.154,336.231,308.403,803.772,291.523,269.240,699.208,653.037,478.951,66.009
613.789,335.871,354.418,310.230,804.473,285.589,267.121,739.632,654.806,485.103,67.531
615.473,344.194,371.692,316.572,785.174,288.646,270.977,691.236,624.701,478.741,62.284
636.919,358.372,375.218,313.317,780.272,297.787,274.325,681.785,636.888,483.876,61.768
631.165,398.012,389.508,315.827,776.592,297.063,275.763,722.083,658.843,496.095,62.472
629.593,405.677,403.180,315.841,819.984,328.847,290.836,686.257,671.754,505.774,61.695
620.576,415.903,399.310,317.836,776.310,325.988,289.966,698.694,654.366,499.883,58.688
616.072,429.238,387.025,323.468,798.391,346.604,294.610,690.507,636.858,502.530,57.962
595.670,442.027,407.292,323.255,750.609,359.009,310.418,663.062,676.321,503.074,53.121
537.962,449.189,409.357,331.003,793.462,370.096,324.766,737.069,654.090,511.888,55.907
500.455,462.184,392.207,331.338,787.924,367.850,318.867,713.326,632.306,500.717,54.169
429.130,465.913,390.449,328.638,790.609,373.231,323.497,672.000,645.873,491.038,53.214
373.780,469.077,398.458,334.311,784.326,398.066,323.144,699.639,644.694,491.722,54.130
371.366,470.375,394.818,328.378,777.402,385.922,336.427,735.681,655.821,495.132,56.029
385.625,473.988,392.584,328.287,777.717,405.556,336.186,677.160,659.731,492.982,52.601
385.856,462.045,355.827,324.901,761.011,401.571,333.537,682.576,677.060,487.154,53.822
427.917,444.042,342.892,321.809,785.788,389.345,349.472,682.806,665.619,489.966,54.578
464.923,444.491,309.330,317.773,754.571,405.952,346.763,731.743,689.142,496.076,56.694
500.471,419.285,306.240,313.684,765.495,424.829,342.209,696.278,681.045,494.393,55.647
520.915,416.571,303.955,311.477,760.201,397.688,343.712,758.347,662.769,497.293,58.494
564.616,368.938,317.917,303.784,803.451,411.850,340.791,726.806,681.418,502.174,61.113
568.802,354.608,309.998,302.315,778.174,398.928,321.136,732.757,681.060,494.197,61.594
578.085,337.174,322.872,305.998,767.505,423.138,301.387,727.694,689.851,494.856,61.482
593.789,332.524,332.173,306.425,782.353,404.321,279.257,745.639,638.649,490.570,62.741
613.070,361.615,338.373,311.670,734.848,406.793,273.356,705.514,681.007,491.805,59.122
614.861,374.454,353.351,321.729,750.696,383.700,265.579,750.090,656.328,496.754,60.904
606.162,390.337,362.088,326.654,792.946,363.429,275.319,716.375,660.948,499.362,60.861
627.353,402.308,382.247,332.979,759.245,324.210,267.828,736.528,709.619,504.702,62.778
623.637,405.831,391.254,341.364,783.043,292.138,268.105,726.556,686.194,502.014,63.265
610.357,432.385,395.344,347.595,749.484,293.568,276.627,724.069,670.209,499.960,59.303
612.654,427.970,393.816,346.492,775.016,289.856,290.059,698.681,712.530,505.230,60.958
615.546,455.350,411.751,353.158,758.946,280.231,290.494,717.111,643.560,502.905,57.907
565.475,449.898,418.926,349.850,791.337,296.078,305.757,686.667,647.567,501.284,56.296
548.467,456.640,407.461,348.364,771.995,317.664,311.008,695.382,686.418,504.822,55.716
519.477,450.841,410.625,343.048,788.690,329.991,317.006,697.007,695.396,505.787,56.420
473.281,469.002,410.809,329.998,793.342,342.339,319.246,703.792,694.761,504.063,56.811
417.358,468.203,388.515,316.407,780.255,349.024,334.463,710.632,684.485,494.371,56.746
394.606,488.596,369.175,304.302,768.598,360.096,338.311,718.111,703.149,493.883,58.057
393.851,488.372,355.369,291.974,780.734,380.309,342.873,677.076,691.007,489.063,56.676
411.364,478.536,317.535,288.669,787.082,379.805,329.695,698.389,672.910,484.887,58.725
439.005,482.623,298.647,286.261,802.663,393.333,340.881,739.625,658.366,493.489,60.926
476.096,485.323,301.413,291.824,795.141,384.339,339.644,682.493,708.485,496.084,59.462
507.460,485.804,300.013,294.704,763.750,393.453,353.175,710.861,704.410,501.515,57.852
527.482,486.452,299.960,304.278,801.766,405.453,345.042,695.875,712.918,508.803,59.450
539.698,493.630,313.467,313.393,765.033,402.925,348.551,746.417,706.799,514.435,58.315
564.004,484.876,323.989,324.549,768.364,406.231,338.331,726.951,698.381,515.075,56.857
569.366,479.705,330.726,330.280,768.870,403.138,324.884,706.819,675.791,509.953,55.311
604.386,490.151,342.951,340.559,782.875,407.835,283.669,728.264,699.478,520.019,59.284
604.065,501.521,359.494,349.204,769.842,388.754,279.198,701.181,684.560,515.313,56.621
606.228,493.938,374.876,352.844,785.772,406.129,273.096,709.688,721.858,524.937,58.604
608.805,502.395,382.613,353.421,739.380,403.883,265.746,705.014,655.687,512.994,53.665
607.436,494.742,388.488,355.794,752.098,400.544,271.975,721.771,675.604,518.717,55.233
632.276,497.603,385.627,350.690,792.788,401.730,269.568,704.285,658.903,521.497,57.110
630.828,516.521,406.874,345.377,813.310,424.426,275.189,709.194,713.269,537.221,58.916
623.755,503.744,414.980,335.550,767.614,413.817,288.415,697.944,696.119,526.882,54.947
640.426,474.484,411.112,322.000,789.147,396.069,292.136,722.653,684.052,525.787,58.271
615.339,483.533,407.829,308.822,821.033,416.468,300.023,731.854,682.007,529.657,59.589
639.187,503.074,398.638,290.668,780.886,420.024,313.079,703.611,711.664,528.981,57.992
639.615,485.720,407.593,289.128,803.217,399.366,325.932,722.424,659.104,525.789,58.147
622.809,509.692,381.391,287.012,790.245,380.114,320.040,685.333,678.701,517.260,57.651
621.146,486.027,363.946,288.920,801.315,351.483,326.407,717.569,658.701,512.835,60.037
610.023,504.407,337.440,290.752,780.543,321.375,339.506,733.222,708.881,514.017,62.357
584.956,490.022,315.804,300.991,767.793,299.267,341.153,681.660,647.164,492.090,57.968
541.032,504.911,298.672,312.315,766.853,290.312,342.093,739.889,697.007,499.232,62.255
496.957,507.898,295.193,319.279,767.810,286.018,338.096,720.424,719.896,494.619,62.369
447.704,507.144,303.180,328.108,760.870,303.294,353.090,684.722,653.448,482.396,56.029
417.479,502.692,301.793,334.640,766.864,309.682,346.212,711.208,664.627,483.911,58.152
392.359,506.975,306.499,342.297,779.641,328.685,343.339,702.285,712.157,490.471,59.954
403.727,501.638,324.229,351.181,739.190,346.841,345.379,698.507,664.366,486.117,53.469
431.778,506.821,334.252,352.816,759.500,358.928,352.379,688.104,696.769,497.927,54.084
477.623,508.893,338.901,348.822,778.451,363.598,333.718,705.215,698.291,505.946,56.030
496.457,513.541,353.079,353.945,758.098,365.066,346.853,722.208,705.754,512.778,54.618
524.489,507.067,376.267,349.952,785.092,378.604,314.715,727.049,677.045,515.587,55.503
542.423,513.988,394.874,344.140,787.978,388.249,285.407,699.882,665.940,513.653,54.955
559.517,495.035,390.283,332.681,748.315,387.297,272.703,745.792,689.597,513.469,57.128
562.132,502.586,400.771,315.525,749.364,391.778,270.342,712.188,690.731,510.602,56.083
577.515,503.519,396.521,299.375,763.739,406.904,270.206,683.104,705.291,511.797,56.920
601.643,498.305,407.067,289.521,725.386,396.222,279.000,708.528,704.657,512.259,56.404
602.421,509.387,409.710,290.250,769.239,394.114,271.565,719.736,714.978,520.156,59.779
604.385,509.861,414.512,288.352,751.082,403.216,276.556,697.431,693.343,515.415,56.618
618.535,501.427,402.166,296.260,762.815,399.321,290.353,724.792,696.634,521.367,58.095
609.285,504.424,410.413,301.945,760.641,389.820,296.602,735.778,657.903,518.535,56.447
627.551,512.960,408.780,312.371,763.886,395.937,307.669,724.417,672.739,525.146,55.770
643.875,510.060,408.966,318.483,760.321,411.330,310.828,725.049,663.545,528.051,54.858
646.170,507.211,400.000,325.690,717.212,398.426,322.291,698.965,683.925,522.210,52.099
643.662,495.055,384.798,344.373,760.853,392.096,331.393,712.299,688.784,528.146,54.416
642.518,515.891,354.373,346.047,740.690,408.928,331.534,746.375,696.291,531.405,55.604
624.971,491.903,324.596,343.986,751.685,407.084,341.602,717.493,679.194,520.279,54.837
638.669,501.412,326.389,344.223,753.321,404.964,336.556,731.382,662.388,522.145,55.450
641.944,492.906,307.276,358.309,758.429,418.688,335.006,720.083,662.157,521.644,55.395
637.380,499.194,322.825,354.701,771.332,414.108,354.116,687.889,712.799,528.260,55.227
633.072,521.027,318.787,365.443,727.266,411.156,343.980,662.236,714.142,521.901,52.215
637.568,499.437,334.456,347.896,793.467,412.135,340.554,725.861,699.067,532.271,57.735
630.959,500.179,338.539,346.618,773.266,414.583,342.621,672.271,690.672,523.301,53.821
629.299,518.700,353.921,331.835,758.304,408.688,353.777,748.938,702.179,533.960,56.174
650.556,502.042,362.840,307.732,774.609,409.838,351.525,743.812,678.866,531.313,57.375
649.739,502.290,376.836,298.659,753.033,408.574,359.740,681.778,684.687,523.926,53.540
645.484,525.082,382.162,292.409,714.016,424.309,355.492,763.924,708.634,534.612,55.953
651.255,525.913,397.204,290.224,758.375,427.547,348.492,723.854,693.694,535.173,55.509
655.809,499.010,409.038,298.455,745.755,409.970,345.065,746.132,681.858,532.344,55.546
663.132,507.022,403.449,292.747,759.582,411.889,340.427,717.681,701.709,533.071,56.413
654.731,522.283,411.279,298.844,790.701,414.000,322.525,732.549,691.433,537.594,58.180
651.958,502.660,412.766,310.475,738.908,418.348,288.076,688.604,677.507,521.034,54.249
652.202,499.186,430.022,323.242,751.533,421.324,271.486,703.542,657.015,523.284,54.681
652.765,508.305,418.638,335.243,774.071,416.706,270.158,716.653,712.328,533.874,58.134
657.915,506.809,424.297,353.090,754.022,434.661,274.373,696.847,710.828,534.760,54.921
656.972,515.218,411.227,342.007,745.668,421.339,265.534,687.340,701.776,527.454,55.361
656.015,495.117,401.088,349.398,760.098,416.246,275.876,693.729,694.022,526.843,55.602
671.224,520.841,402.483,356.916,741.603,421.838,287.678,690.333,678.179,530.122,53.183
674.255,508.069,392.858,359.997,769.837,415.880,298.407,716.285,706.261,537.983,56.479
668.656,503.948,356.827,352.582,730.223,424.919,303.373,718.306,694.052,528.098,55.132
672.435,514.561,344.404,348.471,743.391,426.529,318.692,742.840,732.478,538.200,58.215
658.981,530.035,316.926,349.785,744.076,424.865,329.703,738.229,657.007,527.734,55.662
654.414,509.710,328.373,337.277,725.076,413.054,315.093,670.389,684.246,515.293,53.651
664.328,523.834,322.106,328.781,754.386,434.090,333.475,775.979,693.463,536.716,59.502
663.537,500.826,330.265,313.981,746.293,435.111,336.808,738.653,679.888,527.262,57.121
667.622,508.238,329.942,298.299,775.168,431.925,342.545,701.319,721.560,530.735,59.216
670.055,501.400,354.600,291.404,748.293,438.718,331.655,688.021,691.097,523.916,56.003
675.682,512.132,358.710,295.784,776.560,441.090,336.116,695.625,663.597,528.366,56.359
669.787,512.615,360.130,297.177,783.397,407.354,340.658,725.514,704.067,533.411,59.465
673.154,516.608,389.081,302.697,738.603,423.571,353.828,696.681,695.657,532.209,53.663
687.490,515.050,382.879,313.329,782.136,425.426,351.949,743.681,669.754,541.299,57.076
680.308,518.960,392.058,317.289,738.473,408.306,344.113,721.354,674.896,532.862,54.132
680.008,517.509,406.378,330.270,755.647,419.033,360.379,724.840,698.127,543.577,53.795
666.175,501.702,397.674,332.741,753.234,417.955,348.232,681.042,669.328,529.787,51.330
679.622,509.886,417.962,346.152,743.092,412.586,353.890,734.382,703.791,544.596,53.219
664.992,514.797,415.557,352.651,761.043,422.252,351.605,731.632,659.970,541.611,51.658
668.404,514.613,414.411,357.548,760.136,432.994,360.147,680.535,698.552,543.038,50.093
