0001-0049-0053,0001-0079-0227,0001-0132-0215,0001-0146-0232,0001-0156-0159,0001-0224-0241,0001-0209-0103,0001-0171-0060,0001-0158-0056,0001-0120-0053,0059-0127-0028,0059-0113-0028,0059-0180-0036,0059-0191-0025,0059-0176-0016,0059-0214-0012,0090-0159-0019,Average,Err
256.174,284.985,243.867,251.109,248.213,258.789,258.040,262.859,230.106,247.892,532.101,368.250,267.740,233.644,227.270,202.119,266.527,272.923,17.677
268.219,287.025,261.567,241.964,229.443,257.259,266.673,247.868,228.283,257.759,554.474,395.955,260.028,237.375,226.924,208.146,251.579,275.326,19.406
267.486,285.448,256.722,243.456,231.546,258.960,240.980,247.627,240.905,231.367,493.768,356.393,248.758,231.312,235.238,207.876,243.018,265.933,15.719
256.808,285.583,267.206,232.923,227.086,260.781,246.799,249.837,234.053,238.380,459.246,339.071,253.811,236.005,242.524,204.970,239.652,263.220,13.681
267.067,280.180,259.939,253.129,233.601,269.271,237.142,248.884,239.784,230.139,433.982,296.107,250.299,249.577,241.486,206.639,265.527,262.515,11.485
266.344,279.504,257.206,233.351,225.935,250.895,261.132,261.260,246.919,228.861,391.075,313.429,257.587,240.654,244.211,207.927,253.601,259.993,9.655
269.518,272.056,246.072,251.790,220.983,268.672,255.439,244.270,236.636,225.177,325.285,284.134,256.833,226.538,239.865,211.318,245.945,251.796,6.424
280.025,288.644,264.039,237.073,226.732,256.316,255.073,251.762,252.025,235.949,340.882,268.589,249.093,224.716,235.919,210.258,242.553,254.097,7.050
315.489,303.370,244.278,240.641,234.034,252.534,254.693,253.944,247.204,230.620,305.118,278.438,258.302,224.856,237.314,208.788,245.103,254.984,6.947
321.939,316.314,276.083,250.516,229.976,262.781,244.924,257.608,246.723,229.892,310.825,282.634,258.605,230.476,231.930,219.722,249.875,260.048,7.455
341.561,302.302,252.428,239.875,226.773,267.377,233.310,245.683,245.658,235.481,304.311,270.652,255.601,234.409,241.703,218.667,238.165,256.115,7.625
317.804,303.549,280.033,247.593,236.175,258.016,248.908,249.630,246.112,211.070,289.829,261.321,267.189,236.255,249.692,206.333,238.674,255.775,6.917
292.811,297.095,265.872,320.766,224.976,239.810,254.092,265.746,231.966,250.424,323.145,275.071,265.071,237.082,250.676,206.417,259.722,262.397,7.530
280.703,282.464,257.311,462.766,229.416,267.761,253.997,273.401,242.196,239.101,304.171,273.125,263.975,239.567,242.454,209.596,243.590,268.564,12.947
266.187,285.508,252.717,400.565,230.873,286.332,243.191,256.150,234.779,242.943,296.132,283.964,253.352,231.774,220.286,210.341,250.725,261.519,10.202
269.192,279.131,263.289,351.109,233.330,272.810,242.485,252.270,236.143,227.715,318.877,254.473,249.875,224.418,248.768,204.611,245.773,257.310,8.268
263.341,282.309,251.511,307.496,229.034,259.502,249.152,266.232,234.594,239.437,307.684,313.705,272.712,234.659,233.773,204.510,247.579,258.661,7.174
275.517,281.726,254.622,277.556,239.244,294.409,249.713,253.335,227.381,243.443,313.535,264.062,269.231,238.764,229.011,217.689,237.806,256.885,6.070
268.792,288.199,278.111,269.194,239.258,286.206,255.719,253.599,237.443,239.677,295.456,269.768,248.078,224.284,239.449,238.970,246.711,257.583,4.955
271.389,280.055,262.472,242.556,222.134,268.980,248.403,265.411,227.482,233.430,309.996,281.848,263.658,236.505,232.384,257.684,233.758,255.185,5.546
281.915,281.716,258.206,245.560,225.636,275.984,257.993,256.627,234.661,240.918,307.526,284.384,265.680,245.130,247.465,263.235,235.879,259.324,5.084
267.951,274.969,254.661,269.718,232.739,286.579,254.842,259.238,240.445,227.614,288.149,248.411,266.025,239.043,227.822,266.679,244.429,255.842,4.460
275.107,271.704,252.772,250.218,234.093,277.761,261.076,259.401,232.017,234.032,299.083,272.036,262.968,264.096,220.486,260.343,247.974,257.363,4.648
273.217,279.409,278.044,246.552,217.667,271.312,254.419,257.270,237.989,238.797,300.307,260.857,251.676,290.365,237.973,276.735,243.733,259.784,5.127
270.652,279.323,248.361,244.339,232.471,250.862,252.353,257.248,234.101,245.120,304.355,279.393,255.242,314.731,264.622,261.386,255.487,261.767,5.268
265.894,285.298,242.833,235.827,224.048,270.879,258.911,254.317,229.798,243.044,291.018,290.875,263.548,303.548,270.762,254.096,257.110,261.283,5.311
266.667,298.297,265.422,233.496,234.062,274.130,258.997,254.727,238.339,235.443,297.921,337.500,274.655,296.990,348.373,242.025,261.817,271.698,8.120
279.178,310.395,242.006,243.004,232.780,264.611,258.766,249.564,231.765,241.854,327.890,459.768,262.822,269.779,382.686,229.465,265.696,279.531,14.369
269.202,301.264,267.678,232.504,233.619,246.538,251.851,261.107,226.725,240.297,391.325,501.804,270.623,260.293,318.119,229.571,253.535,279.768,16.489
270.950,297.391,261.983,251.661,226.354,267.506,248.244,262.545,237.818,234.778,552.882,485.938,259.004,251.697,308.070,221.179,249.784,287.517,21.372
270.057,294.379,263.450,245.343,244.959,275.275,251.040,269.464,236.325,245.146,626.684,488.143,266.253,253.654,292.897,221.030,257.088,294.187,24.413
256.894,297.380,278.817,239.210,241.526,263.789,253.040,277.060,284.230,252.835,633.491,532.866,266.858,241.346,252.259,217.449,268.410,297.498,26.036
276.719,284.651,275.783,243.065,229.196,270.547,243.343,279.567,276.776,260.000,587.338,485.866,260.263,232.865,266.535,207.876,254.044,290.261,22.748
274.861,285.028,262.744,253.202,240.512,273.219,256.554,273.320,258.608,262.728,613.026,465.946,251.833,234.505,251.059,212.740,255.286,289.716,23.288
265.086,275.070,262.750,261.085,230.780,275.526,245.300,271.959,249.916,255.690,573.228,438.125,274.673,249.808,250.043,212.136,260.432,285.389,20.666
275.046,278.978,262.233,252.919,225.522,269.401,260.637,256.793,246.188,258.203,544.066,401.384,273.957,243.798,249.973,214.682,256.048,280.578,18.437
260.455,288.770,277.356,254.484,244.498,265.802,250.320,257.784,237.980,239.614,523.368,390.911,245.167,247.534,242.200,209.548,259.271,276.180,17.422
279.593,280.825,247.611,249.298,238.869,267.891,248.997,262.912,236.891,246.203,500.232,378.339,265.498,238.817,228.827,212.505,245.832,272.302,16.163
264.904,277.432,266.089,257.371,241.701,265.842,252.307,257.373,230.174,238.766,487.395,333.857,256.391,258.413,240.368,223.543,254.370,270.959,14.292
266.155,282.517,271.228,263.065,244.213,263.870,262.017,261.166,245.737,231.399,454.070,337.196,260.658,252.048,238.762,213.967,253.546,270.683,12.661
266.287,276.196,262.794,269.310,237.818,280.182,262.848,262.398,249.947,229.981,400.123,301.955,249.541,245.337,233.930,216.581,249.784,264.412,9.552
275.357,287.428,275.628,280.210,231.763,295.741,248.921,254.596,240.300,232.709,356.531,291.321,262.772,233.519,242.973,208.205,247.553,262.678,8.111
266.586,279.683,260.861,412.198,233.141,287.615,251.667,262.285,236.821,251.538,340.522,293.562,263.865,237.462,258.103,212.124,256.286,270.842,10.880
267.295,290.109,271.211,411.706,228.265,280.903,253.733,261.122,242.381,236.297,310.925,260.277,277.480,246.779,250.173,215.891,240.912,267.380,10.359
267.522,315.401,261.961,403.460,231.529,260.773,254.211,264.370,235.938,231.209,324.105,280.027,263.826,235.091,262.919,208.245,254.187,267.928,10.650
275.312,329.999,264.000,387.730,231.598,262.883,249.396,250.138,240.888,260.443,313.518,277.991,251.655,237.952,233.265,219.220,251.663,266.921,9.884
276.132,302.529,266.150,329.323,240.021,265.789,254.096,265.545,238.952,243.367,311.140,260.384,261.630,240.514,234.346,208.992,261.656,262.386,7.033
272.253,302.013,271.011,290.315,238.787,262.992,258.624,268.172,243.440,230.500,323.662,261.188,263.779,235.846,234.665,218.384,249.037,260.275,6.382
270.937,293.397,270.050,269.565,239.543,252.749,253.046,258.122,254.479,251.949,301.877,265.089,269.167,248.529,243.757,215.389,252.048,259.394,4.688
265.128,284.489,261.633,250.702,236.677,256.826,250.957,248.411,230.804,249.646,307.518,293.098,253.203,236.510,231.714,200.866,241.048,252.896,5.939
282.157,284.486,268.150,241.141,237.320,259.227,246.611,245.439,237.675,242.120,307.013,256.616,273.609,243.303,228.643,210.386,256.172,254.122,5.516
271.192,296.761,258.072,254.738,238.038,253.737,247.228,252.078,231.756,238.430,294.193,276.741,254.772,245.298,251.995,212.492,250.216,254.573,4.966
269.219,295.207,260.767,259.319,230.247,267.575,251.901,243.483,227.779,231.804,304.215,292.098,248.103,240.856,242.811,224.169,251.044,255.329,5.649
273.507,287.167,266.700,239.585,235.344,276.389,245.356,252.564,227.255,238.342,291.447,283.938,253.758,233.606,239.357,227.937,252.960,254.424,5.041
281.451,284.390,249.517,256.306,232.131,286.737,245.835,249.304,243.204,263.418,280.404,272.911,251.658,241.716,239.935,239.043,232.260,255.895,4.398
277.407,291.130,280.706,255.871,233.234,263.073,242.356,247.715,241.412,240.652,311.961,284.393,267.947,233.135,225.616,241.886,248.619,258.065,5.667
302.240,297.070,291.039,253.435,237.065,268.781,268.277,263.470,241.417,238.266,321.355,286.116,264.804,242.308,251.827,241.831,259.264,266.386,5.927
360.308,301.568,262.106,257.649,238.588,259.583,277.363,258.091,239.333,234.722,284.298,270.929,274.295,237.870,242.032,247.692,268.480,265.583,7.216
390.301,289.248,273.967,248.694,234.237,291.040,279.802,283.846,249.577,223.475,322.939,299.571,278.488,246.928,254.816,255.207,255.300,275.143,9.189
355.259,278.178,263.606,267.548,238.869,267.960,273.386,294.931,294.331,232.247,302.746,280.500,281.267,256.144,254.276,243.813,260.300,273.257,6.798
315.120,266.186,273.111,243.065,241.708,287.543,276.102,303.461,291.647,233.392,320.754,258.812,287.530,248.361,261.173,238.154,267.366,271.381,6.281
279.052,270.273,267.944,258.512,252.148,288.377,297.977,301.953,285.885,256.101,316.004,270.848,287.811,267.750,261.292,239.664,244.172,273.280,4.937
262.453,265.698,266.572,254.903,236.746,288.866,284.389,306.489,286.605,237.722,342.623,267.036,306.071,271.827,264.449,238.702,285.846,274.529,6.479
256.645,264.403,272.694,253.702,237.832,276.121,288.941,302.069,254.552,242.937,308.833,285.330,268.566,261.721,270.827,237.455,258.755,267.140,4.841
262.773,270.946,267.122,256.427,242.739,291.947,289.696,295.207,257.936,233.709,323.373,244.652,284.413,252.183,308.319,231.402,266.198,269.355,6.152
249.813,259.967,277.572,254.121,243.625,292.332,288.208,280.317,241.232,240.165,322.329,292.491,299.964,260.149,282.589,235.273,264.777,269.701,5.822
249.734,264.275,256.911,255.190,242.048,296.089,288.736,287.555,252.986,226.386,315.417,287.598,297.370,278.178,260.265,221.558,267.938,267.543,6.079
251.209,263.939,241.939,240.847,242.192,303.543,298.033,290.295,244.076,236.411,328.912,267.455,312.762,277.644,271.216,242.505,266.597,269.387,6.720
246.099,271.812,254.600,256.117,236.821,291.607,291.891,297.201,244.552,245.601,318.811,272.411,293.335,276.115,276.130,239.932,265.110,269.303,5.569
244.283,262.929,257.639,266.298,247.976,289.012,295.116,289.433,245.496,235.424,305.548,264.205,292.285,286.894,259.476,232.369,258.828,266.659,5.284
251.532,276.763,266.683,261.964,244.519,283.219,284.026,291.423,250.675,226.316,323.412,276.339,279.986,258.399,263.497,227.076,262.527,266.374,5.602
265.710,273.139,258.394,245.121,243.003,272.818,272.891,275.022,246.459,257.158,310.803,254.741,295.854,250.389,244.103,215.038,262.535,261.363,5.162
259.685,270.269,261.183,259.387,231.155,266.696,277.046,264.508,239.160,229.108,311.360,280.071,268.406,251.317,255.389,213.510,247.949,258.012,5.304
271.415,284.237,285.183,257.782,236.430,272.291,260.700,280.489,242.916,248.133,309.197,273.152,274.167,240.928,239.849,206.593,255.326,261.105,5.683
269.540,282.677,273.000,251.641,243.784,255.866,258.429,261.909,245.109,231.025,300.316,264.286,269.961,254.341,242.659,218.051,248.769,257.139,4.562
275.050,291.393,263.683,380.819,236.742,266.794,254.531,254.361,239.303,256.842,290.654,291.884,260.096,233.947,250.324,221.270,259.967,266.333,8.413
277.563,289.419,262.100,427.198,239.223,277.227,251.865,258.229,249.546,245.481,297.996,298.991,258.715,238.630,242.886,211.765,254.769,269.506,10.971
281.859,285.298,263.467,401.690,249.268,287.243,243.162,262.229,244.681,254.633,298.325,293.911,252.996,250.769,240.124,217.902,247.846,269.141,9.533
272.372,298.514,273.100,382.871,235.333,295.526,251.244,250.517,248.190,230.829,308.623,283.295,253.883,233.260,245.530,212.260,248.824,266.128,9.406
273.705,300.391,261.528,348.343,235.660,285.700,256.521,246.317,243.171,245.070,299.539,284.366,248.705,226.986,245.762,207.384,245.106,262.015,7.910
271.667,285.862,281.822,303.702,234.361,298.182,251.878,250.881,244.350,261.190,298.154,291.786,247.185,242.038,243.973,208.505,245.026,262.386,6.360
268.922,291.529,268.456,268.379,229.096,353.040,244.096,253.103,244.272,243.646,357.904,391.804,264.623,241.534,234.070,215.864,239.692,271.178,11.746
264.493,283.990,279.456,262.113,232.144,347.215,248.304,259.972,242.532,252.101,445.136,535.232,260.171,225.130,251.254,211.331,261.930,286.030,19.690
277.341,291.596,257.772,276.613,233.172,309.121,248.083,267.078,235.157,234.025,563.667,492.714,246.270,237.111,229.935,207.010,258.608,286.193,22.425
267.391,296.393,263.706,249.452,246.179,275.008,250.914,261.298,240.143,233.380,621.741,583.696,261.078,237.370,232.670,210.876,243.557,292.638,27.876
270.245,302.323,269.617,248.690,248.014,255.154,254.165,262.135,227.092,249.133,584.504,508.366,265.537,228.245,251.405,211.250,241.685,286.915,23.678
281.136,308.685,276.300,260.073,245.450,291.340,250.686,241.978,248.165,252.576,589.996,491.312,271.288,237.077,223.622,208.833,259.516,290.473,23.240
273.249,309.333,255.506,248.036,250.787,276.215,254.713,255.890,235.289,254.557,569.259,476.732,261.466,226.933,239.816,209.679,245.864,284.901,22.019
278.669,317.246,288.622,253.528,238.787,261.769,255.211,262.433,227.364,245.380,554.649,418.821,281.409,232.312,253.330,215.088,242.934,283.974,19.695
281.967,315.209,270.411,240.996,236.326,258.866,258.653,246.041,239.499,248.753,558.022,418.777,256.523,243.183,238.346,207.598,239.824,279.941,20.077
271.649,301.991,277.367,256.524,235.478,263.190,251.472,250.627,235.810,258.943,514.254,379.839,271.484,247.188,251.800,216.987,251.623,278.602,16.531
364.549,308.480,263.800,258.617,272.344,771.032,456.957,472.953,445.034,251.614,496.237,336.696,458.730,353.457,258.886,273.470,275.919,371.693,31.750
692.067,606.950,753.772,592.681,517.842,827.287,559.264,581.223,518.345,582.519,563.763,345.375,674.071,532.851,533.011,352.414,602.549,578.587,28.440
673.561,549.114,743.028,614.060,558.570,767.563,593.439,619.125,489.930,546.911,575.105,357.027,703.904,508.764,572.027,344.205,545.168,574.206,26.987
618.716,496.551,730.189,582.871,533.859,764.810,545.277,590.329,439.493,586.595,617.333,627.768,652.495,496.562,543.335,325.737,538.352,570.016,24.278
601.014,476.881,743.767,562.718,551.801,750.008,569.703,556.191,450.361,561.196,638.224,618.982,662.139,497.346,512.595,337.109,484.476,563.206,24.402
557.946,454.492,713.811,571.222,570.546,741.271,540.749,524.953,449.263,569.449,706.338,603.152,595.957,501.683,489.389,325.588,448.495,550.841,25.009
556.564,438.681,723.839,544.020,545.027,732.425,519.620,506.176,435.232,554.563,739.162,582.893,574.278,506.486,480.097,329.995,454.469,542.560,25.832
538.687,416.377,709.956,544.742,548.636,702.628,530.017,520.671,413.678,531.095,725.316,536.205,528.665,454.856,450.951,333.194,436.582,524.839,25.399
546.734,418.737,678.317,508.899,509.715,701.320,519.967,502.273,426.739,523.741,731.667,506.330,547.007,426.673,493.384,300.788,413.813,515.065,25.790
542.095,421.193,688.278,477.810,557.347,723.332,513.759,495.530,413.465,465.203,693.048,537.670,532.281,458.423,445.411,309.520,419.458,511.401,25.708
533.244,393.011,648.383,443.480,535.962,704.522,525.257,512.348,435.325,522.804,693.307,515.964,525.270,454.702,473.643,317.747,412.861,508.696,24.032
523.070,411.642,687.156,505.641,504.010,662.927,503.818,483.918,418.174,486.095,677.855,477.634,515.445,448.779,447.589,308.278,402.513,497.914,23.607
526.773,413.689,640.800,484.770,512.467,677.883,500.505,492.467,432.734,484.437,697.873,538.152,508.399,455.803,483.919,304.369,434.396,505.261,22.770
530.667,409.483,636.522,460.895,495.729,663.008,539.838,526.966,411.826,449.222,680.303,546.089,529.157,451.053,445.876,296.955,422.982,499.798,23.273
522.415,412.873,646.356,442.810,480.766,624.421,482.848,507.539,421.048,494.614,690.136,548.134,501.160,422.625,427.395,305.634,430.179,491.821,22.514
536.411,425.087,661.611,435.556,462.983,598.838,466.020,507.254,420.843,463.741,678.241,535.295,505.601,422.990,444.886,299.220,403.696,486.369,22.444
538.702,428.668,623.789,435.601,484.536,622.215,500.155,484.545,408.350,483.937,682.728,523.616,471.961,422.385,417.454,295.934,396.696,483.604,22.434
544.670,424.207,630.272,432.536,462.213,647.502,512.205,511.429,410.252,460.778,647.390,556.250,483.972,424.918,438.670,294.298,395.593,486.892,22.565
531.639,443.720,605.489,406.040,464.931,637.652,493.736,524.856,422.720,464.797,737.057,589.205,501.164,426.135,451.546,296.139,397.659,493.793,24.643
537.515,429.342,583.500,405.060,455.904,627.470,512.904,496.505,399.417,459.981,667.531,553.107,505.815,435.558,449.119,292.167,402.282,483.128,21.855
529.433,442.047,586.572,413.165,463.656,633.563,525.175,498.361,415.849,449.861,695.768,577.250,494.416,404.178,446.351,289.692,433.238,488.151,22.883
519.575,432.027,608.439,420.565,454.715,651.494,508.119,506.718,426.902,458.475,683.127,580.438,510.612,436.476,451.405,293.255,408.502,491.226,22.901
524.620,426.470,592.467,421.585,444.392,599.279,518.574,532.536,410.675,471.177,726.921,541.080,500.014,425.601,441.000,291.232,390.912,485.796,23.391
518.854,416.498,551.506,408.073,429.309,626.939,500.581,515.157,407.686,455.943,689.338,519.500,497.121,433.442,428.816,283.394,419.648,476.577,22.011
496.299,435.301,574.994,380.863,450.742,630.409,527.818,529.179,402.936,461.139,683.004,553.875,490.616,446.649,439.897,292.717,405.260,482.453,22.450
506.170,428.892,512.956,401.621,428.162,633.769,532.380,512.818,400.249,447.335,687.671,575.902,504.071,425.413,423.016,289.505,391.363,476.547,22.872
493.579,424.772,555.322,409.460,442.955,619.231,533.155,531.639,422.006,423.709,719.285,537.661,481.463,438.274,414.314,283.119,428.194,479.890,23.140
487.585,411.620,526.283,379.556,426.845,635.219,551.733,536.520,415.476,457.323,740.118,550.170,515.594,421.760,452.157,295.510,394.070,482.208,24.696
487.281,405.882,601.850,387.867,432.921,623.372,524.234,526.169,412.375,437.519,708.342,510.125,491.591,418.500,435.984,292.220,379.165,475.023,23.969
481.868,403.416,573.422,381.109,407.763,602.008,540.043,536.530,413.395,456.310,721.544,534.625,491.121,439.529,429.697,280.982,402.670,476.237,24.056
483.987,403.154,544.933,383.927,410.296,613.474,508.673,509.705,412.056,444.456,701.987,524.857,500.534,417.591,424.903,282.581,387.183,467.900,23.037
469.038,413.552,526.106,370.266,443.227,631.093,559.508,495.737,407.972,447.791,710.232,511.634,484.477,407.173,394.859,285.480,395.780,467.878,23.872
460.177,384.439,548.117,361.077,425.299,565.433,532.142,508.806,386.840,464.551,676.776,526.179,469.456,433.812,447.832,282.129,399.264,463.078,21.693
461.394,395.391,552.044,381.782,427.162,611.518,520.241,480.890,404.980,421.070,678.404,505.866,462.100,414.418,402.773,280.962,387.919,458.171,22.304
455.253,394.161,559.206,370.944,402.447,617.178,499.795,496.075,389.888,436.709,687.465,535.652,492.826,418.750,427.384,269.184,377.857,460.634,23.745
437.735,393.323,533.122,361.173,408.021,573.717,514.950,489.843,370.602,436.209,714.057,495.562,471.584,409.894,427.319,282.278,376.788,452.716,23.180
444.061,391.820,552.583,359.339,404.430,581.672,510.736,481.172,381.532,408.576,672.145,482.482,472.381,386.361,406.714,267.838,364.850,445.217,22.745
452.382,386.596,521.211,359.419,417.801,568.202,448.574,487.871,367.695,426.234,611.974,509.491,425.310,380.106,425.876,267.545,337.689,434.940,20.291
462.880,379.645,505.672,370.843,391.567,570.069,506.363,449.743,361.650,433.215,690.640,530.036,471.253,403.495,379.276,274.008,352.941,443.135,23.166
455.106,385.721,501.944,362.714,424.261,563.704,498.327,479.245,363.238,406.171,697.035,504.152,462.395,391.558,412.249,258.025,360.245,442.711,23.059
450.458,381.542,514.183,378.617,388.866,565.874,476.218,483.426,374.437,410.620,676.465,543.929,437.573,369.596,370.514,263.157,335.641,436.536,23.388
448.635,390.404,484.500,373.798,381.838,579.709,482.125,428.661,354.700,436.804,669.118,511.839,420.875,349.803,379.119,258.136,359.216,429.958,22.686
435.535,376.803,464.778,341.843,391.777,524.077,468.548,413.451,374.322,425.582,600.075,526.830,410.648,375.957,364.946,240.631,337.330,416.067,19.862
442.588,386.219,462.867,351.460,415.000,523.073,466.416,468.144,346.238,395.209,626.018,488.839,420.655,364.385,339.811,248.316,356.458,417.747,20.334
447.561,376.132,461.844,343.250,393.849,549.798,466.911,422.401,348.146,396.222,666.303,543.598,399.801,364.269,334.632,246.169,337.700,417.564,23.487
434.701,378.438,491.650,357.657,423.203,549.972,462.330,410.740,330.667,412.259,620.259,496.607,418.754,325.668,302.405,240.053,349.425,412.046,22.227
439.130,370.934,480.906,370.391,386.732,516.028,476.406,416.702,326.275,400.095,633.096,433.848,403.890,312.308,311.168,236.495,334.919,402.901,21.764
428.095,385.989,459.650,349.859,382.124,504.077,490.772,398.900,315.754,405.259,630.934,546.875,381.687,313.293,293.557,246.972,335.656,404.085,23.154
417.971,371.507,541.706,354.835,395.759,503.093,464.680,365.831,316.557,397.924,622.947,474.366,386.135,321.077,285.584,241.303,316.696,398.704,23.014
421.043,370.036,478.772,356.976,368.687,496.838,446.122,354.868,290.535,401.608,612.987,475.179,386.548,291.764,271.968,240.861,311.729,386.854,22.429
434.570,382.624,456.828,357.754,391.278,518.320,449.644,337.765,306.199,374.165,616.535,498.402,348.890,285.524,297.119,246.144,338.773,390.620,22.414
428.904,385.061,518.689,358.984,400.003,498.810,475.845,377.451,293.852,405.766,613.022,481.304,374.221,296.899,264.968,247.270,347.033,398.122,22.914
402.373,369.145,435.600,356.169,377.625,462.377,435.578,341.972,318.132,343.791,592.285,491.018,378.014,297.971,288.054,237.735,330.128,379.880,20.039
396.692,366.836,461.517,344.480,380.959,419.024,445.805,334.614,296.695,310.411,620.917,463.223,338.014,285.798,288.708,235.449,305.626,370.281,21.758
394.234,365.633,440.500,348.371,356.278,382.283,446.700,334.185,305.042,315.342,595.553,436.330,364.843,292.538,296.384,237.884,318.861,366.527,19.272
396.123,364.574,438.339,336.363,380.416,378.947,437.531,338.633,289.678,275.437,567.662,497.491,357.363,301.106,290.130,244.992,316.527,365.371,19.719
388.752,374.268,467.467,346.899,379.526,388.385,415.743,340.524,292.569,274.494,570.175,476.295,357.808,301.409,284.454,243.939,320.758,366.086,19.554
399.209,372.751,451.944,348.085,372.478,399.348,441.182,363.514,306.398,285.975,613.364,463.848,356.815,294.688,293.568,237.096,316.905,371.598,20.822
385.678,373.973,432.178,353.423,341.076,455.636,438.620,373.533,313.840,267.209,590.570,466.455,351.786,299.769,278.265,235.679,314.429,368.948,20.694
390.281,381.456,428.439,338.036,361.189,612.117,421.023,392.893,302.594,242.259,586.303,461.214,325.246,291.812,256.800,242.725,340.055,374.967,24.983
372.560,373.020,445.244,350.944,353.986,661.943,409.868,371.138,330.165,273.076,583.535,457.929,352.779,300.740,277.562,247.780,330.231,381.912,25.313
362.606,371.117,441.767,326.560,340.838,631.514,424.429,367.266,353.549,261.563,566.526,469.920,326.986,286.913,247.903,242.869,316.165,372.852,25.131
367.674,381.070,400.150,328.774,342.100,638.559,439.653,414.787,370.017,277.316,565.066,446.402,319.285,283.163,262.016,237.997,308.443,375.440,24.780
361.436,371.584,417.550,330.544,338.773,649.263,417.198,479.994,397.541,466.975,562.228,448.679,327.886,294.543,280.870,232.611,304.557,393.072,24.957
365.185,360.874,429.711,340.718,318.780,591.660,422.822,551.586,416.062,492.582,573.939,431.018,337.651,296.736,280.703,231.518,300.703,396.603,25.015
361.737,377.280,403.856,319.423,308.203,568.279,377.571,594.188,416.207,495.899,551.228,413.554,309.117,293.678,254.005,239.121,302.092,387.379,25.613
358.868,374.461,406.894,311.790,292.924,509.166,402.234,535.069,380.840,520.937,570.294,429.500,305.886,296.538,269.411,238.399,293.293,382.147,23.921
345.081,381.020,370.678,329.528,321.268,470.777,423.904,520.160,364.611,448.354,595.838,416.509,329.601,281.769,270.184,241.677,301.158,377.183,21.963
348.453,374.184,358.961,320.565,281.237,407.583,400.135,453.166,327.434,463.804,598.254,400.580,321.719,283.894,282.303,238.033,296.626,362.172,20.630
329.003,366.564,330.700,317.915,286.959,382.972,411.861,433.166,281.647,442.146,542.276,370.866,318.623,296.668,307.330,232.942,297.978,349.977,17.701
359.085,364.489,295.761,302.411,275.127,368.211,398.650,358.796,257.961,433.329,538.877,330.616,310.473,360.486,328.324,236.210,308.842,342.803,16.767
344.634,375.026,307.544,305.222,291.443,353.769,377.640,318.912,269.246,444.089,496.487,315.821,335.043,428.577,467.357,243.641,289.967,350.848,16.917
348.145,369.160,300.817,291.520,286.017,327.421,357.855,331.527,281.860,430.956,467.329,332.295,313.808,428.183,457.708,287.419,292.974,347.352,14.714
329.787,376.377,301.594,322.024,269.467,322.757,361.436,314.580,261.661,387.532,443.202,301.902,319.459,417.154,483.270,298.758,297.751,341.689,14.462
316.841,364.081,309.489,313.306,280.756,324.202,330.914,311.075,262.852,372.918,416.175,298.562,308.278,422.577,443.503,301.126,304.128,334.164,12.162
312.744,364.455,297.783,285.399,285.014,306.105,322.208,304.552,269.852,370.994,389.075,326.375,308.715,401.697,443.454,297.657,289.912,327.999,11.416
329.373,352.455,294.367,292.024,281.632,329.785,310.888,295.226,261.168,389.101,377.232,284.938,307.537,413.423,419.735,296.066,300.982,325.643,11.286
329.384,350.220,301.083,298.210,282.175,325.964,303.340,298.013,255.345,359.253,363.930,293.250,288.178,371.663,396.914,289.843,289.681,317.438,9.064
327.077,366.020,289.861,297.355,284.488,313.024,287.835,281.984,268.627,321.538,343.496,281.321,308.676,360.144,419.114,270.783,285.714,312.180,9.520
333.579,371.721,307.017,292.581,286.495,329.526,298.205,312.107,258.997,274.639,351.272,311.223,315.605,353.582,405.395,271.313,284.619,315.169,9.118
312.120,362.156,323.983,288.157,288.316,324.842,293.644,290.323,252.485,278.791,371.096,311.348,299.986,346.779,401.038,279.475,289.487,312.590,9.063
314.277,363.022,281.117,295.202,279.643,326.020,304.733,300.897,265.230,274.639,378.645,323.884,293.747,349.317,371.632,254.126,290.784,309.818,8.810
317.592,362.012,308.356,279.935,281.323,334.607,300.125,299.085,248.437,262.000,351.237,303.857,292.491,346.375,363.843,257.568,272.037,304.758,8.605
305.593,360.701,296.628,289.202,283.890,319.883,302.601,295.790,268.471,262.886,349.439,311.339,284.577,298.923,337.903,239.717,283.154,299.453,7.218
342.581,357.667,304.261,297.815,269.591,329.028,299.053,295.467,263.745,259.892,330.272,334.750,297.502,331.736,320.119,233.543,281.674,302.864,7.898
349.695,345.000,305.228,296.218,277.351,332.789,300.132,284.868,263.829,279.380,311.500,308.277,290.722,263.524,289.238,232.702,291.524,295.410,6.976
418.214,338.689,285.611,268.508,276.595,318.336,306.488,288.078,254.902,270.728,330.136,304.295,291.466,259.750,263.870,229.697,260.751,292.124,10.186
546.503,355.092,307.522,289.363,259.856,316.020,317.673,292.063,275.457,262.228,336.430,302.339,300.089,278.428,273.168,229.657,289.586,307.734,16.088
616.416,343.930,282.211,299.024,263.859,318.368,304.799,288.339,268.871,264.633,347.276,312.580,282.669,263.139,268.670,229.439,289.571,308.459,19.974
569.663,343.566,302.861,282.605,270.608,329.729,292.983,295.586,267.381,265.525,356.596,300.259,275.701,267.846,265.265,232.932,272.945,305.415,17.624
542.159,344.005,287.228,278.097,257.787,312.879,292.927,269.784,272.045,268.386,349.469,278.804,268.843,260.764,245.795,232.412,281.282,296.627,16.532
462.130,340.685,296.994,290.391,271.378,325.453,282.848,298.781,259.950,257.924,349.825,292.920,288.673,270.582,256.589,215.268,291.209,297.153,12.576
409.194,342.864,281.578,284.375,268.935,314.547,285.297,295.674,269.375,273.297,340.781,277.554,287.071,275.038,256.562,234.439,276.930,292.560,9.510
351.522,342.058,288.989,285.190,261.478,305.490,300.149,288.257,262.188,272.380,331.671,301.536,285.772,268.375,266.222,233.015,270.348,289.096,7.277
315.884,354.185,296.289,287.665,259.247,328.138,317.571,293.295,270.798,259.538,322.820,290.732,274.637,253.260,250.324,232.343,267.985,286.748,7.708
300.969,337.598,309.550,278.935,272.729,317.571,320.017,331.737,276.980,247.184,321.895,286.946,300.537,252.524,304.011,237.639,271.546,292.257,7.041
288.212,335.692,335.356,271.601,264.354,335.879,329.109,322.730,249.087,243.266,343.342,277.473,306.021,278.620,277.757,240.601,288.769,293.404,8.212
291.262,318.365,301.667,282.387,262.756,322.717,326.505,313.451,279.468,244.968,364.311,287.875,302.986,281.918,279.595,233.376,275.125,292.278,7.451
285.170,338.728,297.022,266.677,271.199,335.437,318.267,332.257,266.541,250.975,361.719,314.125,304.320,284.288,286.719,233.520,286.952,296.113,8.024
294.116,331.505,304.517,292.577,264.643,328.040,301.865,324.599,255.947,281.968,368.000,264.955,302.110,275.053,271.341,229.263,280.861,292.433,7.828
310.705,353.874,297.400,278.024,261.931,331.296,331.403,311.592,264.630,270.880,342.732,292.741,291.246,264.750,260.043,234.803,293.505,293.621,7.793
313.561,360.674,310.872,281.290,259.749,312.664,466.729,300.784,261.493,257.829,353.136,318.607,297.242,272.601,256.054,224.389,280.059,301.631,13.035
324.327,367.921,295.922,267.004,250.220,335.858,560.663,286.476,263.919,257.835,336.149,298.634,291.954,253.279,259.141,224.247,269.938,302.558,17.943
308.857,382.204,279.839,250.907,252.732,307.964,528.670,303.853,259.711,271.057,313.026,270.768,281.185,259.303,250.892,224.343,262.194,294.559,16.514
307.645,362.769,292.889,257.738,245.677,309.996,528.317,287.502,261.398,248.456,334.965,294.357,285.125,254.197,253.324,229.758,274.714,295.813,16.253
293.507,358.072,308.039,284.750,254.120,328.316,547.330,303.182,270.630,257.253,335.132,276.518,291.559,255.851,262.849,228.356,274.168,301.743,16.785
304.912,338.144,277.078,274.992,261.550,336.239,527.175,313.975,280.202,279.234,362.246,302.125,303.096,257.904,267.249,231.982,285.908,306.118,15.448
293.819,331.391,291.750,332.347,265.237,308.040,482.515,306.361,290.011,260.538,330.066,297.348,301.957,270.529,277.314,227.205,293.348,303.516,12.596
308.630,336.316,315.972,429.746,267.674,329.842,425.175,293.665,282.115,268.652,350.754,275.321,280.783,296.202,278.708,226.222,273.355,308.184,12.680
350.695,338.105,296.556,464.556,250.577,312.826,407.139,314.643,258.232,258.222,324.289,299.062,284.897,285.986,256.503,225.515,267.692,305.617,14.150
391.631,333.104,310.711,472.069,247.509,313.964,400.089,303.818,273.695,241.354,319.811,287.643,284.858,273.264,259.070,225.636,277.264,306.794,14.969
506.110,334.419,310.317,435.230,249.485,298.559,362.172,286.414,262.361,258.601,329.039,287.045,284.064,263.481,241.951,238.174,262.348,306.457,16.875
615.897,331.910,276.544,430.129,249.526,304.146,352.340,313.787,265.913,251.076,305.689,297.339,267.541,292.346,265.973,223.197,266.604,312.350,21.539
611.787,334.713,324.583,420.790,252.804,312.065,349.538,318.737,270.406,257.475,328.009,316.429,291.605,280.216,265.735,225.144,265.626,319.157,20.773
551.540,329.579,318.833,392.306,263.189,329.538,321.611,358.357,345.289,261.443,360.114,517.009,297.975,271.611,280.724,224.947,287.249,335.960,20.237
466.487,318.795,313.628,388.657,254.763,346.441,313.195,519.351,480.838,266.095,491.408,638.295,290.918,278.913,254.973,229.992,276.176,360.525,27.546
427.338,347.345,306.417,325.169,248.821,331.765,315.050,666.564,572.345,271.652,709.680,662.214,297.157,271.856,259.162,224.043,277.044,383.154,38.239
380.249,351.572,280.339,284.496,248.540,309.785,308.739,681.197,518.017,282.677,765.048,624.821,302.683,249.096,260.362,225.937,275.839,373.494,39.279
338.065,355.142,301.328,296.754,251.189,333.725,290.036,604.831,473.261,281.905,755.443,580.982,345.021,261.918,260.735,218.404,272.996,365.984,35.105
334.652,351.937,308.100,289.952,254.450,316.522,292.990,518.260,416.894,282.152,716.035,584.232,358.698,263.462,247.130,226.967,275.436,355.169,31.333
307.510,344.230,295.111,291.706,253.320,322.045,289.538,494.740,381.496,278.582,748.715,552.152,478.633,286.865,272.827,232.460,275.026,359.115,31.864
298.628,333.390,296.778,278.540,259.395,323.494,310.746,476.329,335.454,277.677,692.746,526.554,616.377,310.519,262.551,222.768,279.066,358.883,31.754
290.227,362.452,307.272,272.774,263.952,340.514,315.492,426.260,297.109,278.184,710.640,506.670,680.673,328.495,275.400,237.290,296.956,364.139,33.071
293.558,385.154,301.894,297.113,257.502,336.012,293.997,379.915,278.563,280.342,665.360,519.339,715.769,340.058,301.103,228.715,303.363,363.397,32.778
305.288,414.239,299.611,271.218,247.969,321.709,304.337,328.618,280.479,279.962,611.044,435.196,642.687,315.106,330.465,231.111,397.403,353.908,27.412
311.169,420.938,320.917,285.621,248.436,323.389,275.287,325.527,252.888,276.918,575.899,417.161,511.064,295.317,340.584,226.369,489.286,346.869,23.719
309.759,412.897,295.639,278.105,255.598,328.883,282.868,295.147,249.459,255.854,536.123,382.375,435.530,274.524,382.708,216.376,520.927,336.045,22.250
310.092,385.985,303.944,292.137,250.804,325.964,291.158,320.517,259.213,277.222,526.456,336.875,344.790,353.740,447.584,220.806,482.608,337.053,19.416
309.767,357.492,311.039,285.234,256.900,323.154,275.488,321.947,265.739,253.905,452.434,312.321,349.249,425.005,475.103,266.215,456.667,335.156,17.379
302.961,342.047,296.761,305.536,252.790,352.000,306.587,310.414,256.342,280.405,409.211,298.411,329.804,507.865,531.114,300.939,396.245,339.967,18.670
304.482,313.458,307.656,304.504,269.268,367.632,312.990,322.135,265.401,259.759,404.732,311.536,323.502,506.548,495.211,326.157,331.513,336.852,16.668
323.645,322.787,299.822,321.831,276.069,371.239,312.112,319.799,258.686,261.987,367.219,304.295,321.986,466.697,488.038,323.035,303.919,331.951,14.677
324.114,319.225,295.267,309.508,267.069,416.494,281.116,296.542,261.389,263.728,352.048,309.804,312.996,397.538,424.649,316.275,287.377,319.714,11.873
354.837,324.832,302.533,399.246,257.261,433.846,283.241,283.690,243.499,251.905,367.583,318.491,297.947,351.865,401.978,303.263,293.586,321.741,13.060
402.500,324.958,284.389,457.556,276.433,491.077,290.822,298.853,243.521,264.867,316.702,273.330,283.947,367.048,396.670,302.338,282.908,326.936,16.723
534.797,325.803,300.039,469.883,252.299,565.393,383.165,286.793,257.073,283.019,347.276,317.643,291.388,350.510,373.076,302.336,276.505,348.059,21.883
638.843,326.013,300.950,482.569,248.663,657.785,507.251,287.182,241.782,260.918,332.272,274.527,281.698,324.115,371.703,287.631,271.996,358.582,31.007
634.318,337.239,295.389,474.286,252.086,723.842,534.017,284.401,258.513,267.728,316.504,270.759,285.619,327.327,358.022,294.058,270.396,363.794,33.298
590.597,325.739,305.867,453.137,250.591,713.368,509.752,269.461,265.132,255.532,322.035,294.339,265.206,327.663,302.849,256.043,272.835,351.773,31.657
520.096,325.269,326.833,445.194,245.835,725.502,515.512,305.235,262.056,268.608,318.868,289.616,284.712,307.308,313.670,249.449,260.839,350.859,30.271
458.592,337.222,332.572,398.331,247.588,709.421,457.396,288.241,248.353,271.741,320.509,300.027,281.950,276.312,270.843,242.530,265.081,335.689,27.656
379.217,364.233,359.872,376.774,254.467,635.453,428.845,286.238,244.373,280.570,291.675,299.973,278.982,270.096,261.843,234.015,269.341,324.469,22.988
330.099,381.623,329.939,338.431,246.649,618.960,414.201,271.135,253.936,248.937,310.982,323.554,271.609,252.337,263.578,237.801,270.286,315.533,21.920
318.464,400.294,329.467,331.552,259.911,576.089,416.842,294.006,247.725,247.930,318.820,280.670,290.018,261.894,269.400,229.684,266.725,314.088,19.959
314.547,403.407,312.900,296.754,248.993,485.692,378.023,293.486,248.196,272.367,321.167,293.964,272.740,254.788,246.708,227.207,270.784,302.454,15.553
315.416,394.967,306.983,268.762,254.948,394.721,339.554,295.248,255.826,246.291,321.934,288.946,270.402,245.476,255.368,220.033,257.813,290.158,11.864
307.911,344.620,311.922,278.762,248.433,355.814,329.690,285.282,248.759,264.158,312.114,287.902,289.135,260.740,264.168,227.876,268.429,287.395,8.353
304.384,340.448,310.678,272.286,248.086,318.296,304.653,284.310,258.672,262.095,340.772,290.330,279.000,258.885,252.886,231.763,276.799,284.373,7.471
311.496,338.361,301.533,276.520,242.814,306.368,298.538,285.824,258.518,263.120,354.140,293.938,280.947,260.178,251.903,234.280,272.557,284.179,7.624
297.618,334.405,295.711,292.431,255.354,328.652,294.528,285.448,276.207,256.620,331.241,289.545,275.288,264.168,263.454,223.005,270.648,284.372,6.891
294.894,326.597,306.867,283.726,258.711,308.858,293.825,303.893,326.350,252.500,331.105,271.018,277.466,266.236,256.914,223.051,269.311,285.372,7.051
299.170,329.213,290.083,280.403,248.175,311.980,300.436,370.041,360.238,265.057,342.807,296.812,275.904,261.197,263.681,222.467,278.762,293.907,9.301
304.776,333.590,292.439,264.060,261.711,328.158,290.234,524.881,466.255,253.411,306.965,276.545,288.082,257.279,252.568,227.659,270.077,305.805,18.189
309.536,344.451,289.594,283.069,256.385,309.907,287.314,666.850,526.140,248.329,340.250,302.438,302.520,241.817,246.681,238.823,265.835,321.173,26.185
317.455,367.617,293.900,288.621,263.948,315.340,281.894,628.567,456.527,251.601,336.228,299.688,306.246,255.231,266.324,239.255,266.429,319.698,22.354
374.553,400.860,284.322,295.165,258.399,306.316,292.871,591.520,422.454,264.329,351.425,319.652,314.744,262.029,251.551,243.816,292.168,325.069,20.262
403.870,454.003,305.806,273.540,252.186,297.393,286.030,561.511,397.412,255.418,328.307,288.366,302.043,256.524,270.324,243.078,288.282,321.417,20.111
521.255,508.401,295.422,299.819,252.127,287.595,290.198,512.621,345.899,268.278,329.206,300.071,297.214,264.894,263.470,250.790,274.033,327.135,21.794
600.026,468.570,291.739,319.310,256.502,296.668,294.452,457.502,301.804,248.411,349.338,299.938,295.210,272.332,254.676,254.169,280.864,325.971,22.365
622.109,427.213,296.000,435.758,265.701,311.984,272.762,391.310,266.120,263.348,335.961,280.830,275.758,304.269,252.962,253.394,275.099,325.328,22.602
577.361,367.392,316.728,461.258,253.808,309.263,282.073,371.050,262.025,277.987,326.035,302.795,290.662,277.716,269.951,256.952,261.542,321.447,19.944
512.352,336.413,294.344,436.016,246.670,322.255,298.112,332.197,266.056,275.886,336.882,270.652,277.189,267.274,266.962,245.399,280.996,309.745,16.397
444.315,329.294,293.317,431.641,264.216,307.016,278.076,321.263,264.398,258.101,316.877,318.545,285.402,270.413,286.697,248.295,275.678,305.503,13.020
374.361,328.289,299.544,409.956,257.790,320.081,301.241,323.282,254.476,283.380,317.022,283.009,282.822,263.481,269.762,240.449,263.652,298.388,10.431
339.872,322.299,300.356,361.734,258.821,297.530,288.439,290.495,255.487,259.063,336.088,269.705,303.335,262.812,251.773,255.778,272.901,289.793,7.966
308.833,317.047,304.494,340.073,246.278,308.591,269.452,290.618,266.768,269.703,310.868,268.241,282.103,261.308,270.486,236.838,269.136,283.579,6.490
315.717,319.779,274.061,295.621,251.897,280.559,291.845,302.204,253.084,248.411,319.886,320.134,281.174,267.663,240.535,238.371,273.883,280.872,6.695
300.139,328.386,295.067,295.899,250.749,298.591,275.729,288.226,248.120,257.177,326.246,294.696,272.292,242.885,254.005,242.677,261.062,278.350,6.504
302.522,316.843,292.600,289.484,257.619,325.178,284.350,285.806,251.546,257.709,328.154,283.562,282.779,267.183,260.481,235.601,255.681,281.006,6.293
313.364,330.036,290.489,278.032,256.825,307.866,287.178,297.599,258.457,259.519,329.759,302.411,289.744,267.736,257.227,229.583,268.780,283.800,6.564
312.624,326.854,281.139,278.685,264.399,311.364,372.406,288.382,255.770,268.253,316.211,279.098,282.352,279.591,263.000,228.604,258.864,286.329,7.856
314.352,337.010,308.128,279.786,272.718,324.255,495.274,287.871,264.490,247.873,328.083,286.625,282.246,269.707,269.935,234.528,278.839,298.925,13.601
304.396,334.531,302.522,290.004,244.660,293.648,573.729,283.003,260.160,269.405,310.785,300.723,293.477,279.014,242.168,229.061,269.615,298.877,17.846
295.960,328.894,298.717,289.665,255.364,301.320,523.670,282.975,251.840,274.937,308.846,270.634,287.630,275.630,248.746,227.482,259.571,293.052,15.181
311.935,325.950,291.472,270.185,261.808,292.599,507.729,272.790,261.731,259.810,329.329,293.839,291.004,262.356,273.189,228.937,275.212,294.699,14.235
300.645,330.428,306.722,281.512,259.622,291.093,508.267,282.646,251.286,273.013,320.452,305.455,264.406,273.817,253.124,234.611,280.729,295.166,14.246
312.437,328.505,299.994,265.891,258.309,315.502,452.861,272.216,255.695,260.937,330.316,293.768,284.431,256.308,260.876,231.861,258.637,290.503,11.939
308.089,328.197,284.133,290.843,259.210,300.235,401.640,282.492,256.807,266.070,331.899,284.705,285.470,249.212,257.654,231.003,266.399,287.297,9.393
311.494,339.807,281.039,277.391,253.553,299.138,396.825,296.154,252.796,244.576,311.632,268.688,278.278,259.471,248.605,231.629,283.311,284.376,9.505
314.815,347.842,305.178,279.609,248.522,310.069,360.003,298.956,264.574,270.456,324.184,301.741,298.367,255.433,263.643,229.551,256.443,289.964,8.418
340.933,359.969,305.467,290.024,246.275,320.834,341.257,292.665,277.042,265.165,333.132,328.616,292.762,268.048,247.151,226.114,263.582,294.061,9.148
409.306,381.373,309.478,285.528,259.890,321.219,309.386,291.072,269.725,255.563,339.373,307.991,268.228,270.952,255.584,223.907,265.751,295.549,11.169
522.680,412.780,301.083,291.605,267.615,308.757,279.736,301.157,287.286,265.101,346.632,295.268,274.149,278.894,277.595,232.179,274.850,306.904,15.951
626.341,488.566,279.128,285.319,253.206,304.300,280.281,311.856,293.826,238.551,315.246,279.973,268.406,264.457,257.027,224.396,278.198,308.769,23.447
611.923,536.160,285.733,344.214,260.983,311.498,279.145,344.056,356.941,257.513,325.996,323.893,290.288,269.793,237.811,233.808,270.495,325.897,23.842
568.563,474.816,306.772,431.117,253.591,286.668,293.842,450.411,419.756,238.209,320.798,324.491,276.135,292.481,262.157,224.664,266.403,334.757,22.966
500.223,399.701,314.417,486.016,256.460,315.522,286.050,541.583,459.737,250.544,316.079,312.607,295.566,301.837,251.805,231.391,269.495,340.531,23.082
413.453,372.048,292.406,474.347,255.285,331.676,273.462,611.361,440.678,249.032,327.991,298.134,313.342,297.750,257.611,235.927,267.216,335.983,23.344
364.478,340.634,301.522,468.710,246.316,327.668,289.851,546.915,404.011,254.405,336.395,289.312,336.203,291.899,261.654,226.235,262.524,326.396,19.613
324.545,321.028,305.556,432.036,259.546,299.850,290.465,538.781,334.118,243.285,326.211,306.500,370.238,263.351,271.789,231.146,261.952,316.494,17.745
317.773,333.978,304.856,395.524,250.237,292.668,282.875,473.633,307.165,259.696,318.689,300.875,424.342,260.519,257.211,228.851,261.615,310.030,15.484
309.756,334.356,316.733,373.060,257.540,355.069,286.987,420.085,273.398,263.392,338.504,291.116,446.285,281.774,265.870,224.995,279.300,312.837,13.930
321.655,330.742,311.528,355.367,269.196,385.583,288.644,381.063,266.006,253.063,347.154,293.482,442.950,301.038,266.919,224.162,268.026,312.152,13.285
318.091,327.709,298.761,315.964,242.519,468.291,279.363,297.056,254.434,254.449,335.675,283.795,423.114,322.077,256.227,224.672,275.593,304.576,14.714
327.096,325.915,300.133,303.847,258.203,476.603,292.102,281.555,264.067,266.165,321.118,304.571,415.420,302.639,257.124,230.563,263.824,305.350,14.224
299.691,325.960,303.228,269.887,255.361,466.623,264.743,298.361,264.182,270.411,306.719,311.509,380.399,284.736,267.341,241.475,267.700,298.725,12.771
313.198,344.621,296.550,270.980,248.546,468.571,274.683,292.931,254.364,254.006,314.114,281.643,319.897,278.048,287.903,234.859,271.418,294.490,12.489
306.522,332.390,278.517,284.218,266.062,447.534,286.620,284.649,253.908,263.696,323.789,290.616,286.890,288.957,263.114,235.631,275.590,292.277,10.944
311.982,339.384,302.367,285.032,243.945,404.267,288.007,267.605,264.941,268.601,316.000,293.241,286.808,299.635,264.400,233.245,274.619,290.828,9.256
334.744,334.019,307.478,280.177,258.570,383.559,275.667,287.364,250.367,268.304,314.728,285.536,278.573,281.149,258.951,246.359,283.956,289.971,8.336
364.752,323.795,308.856,277.258,247.220,344.960,296.898,276.335,271.283,259.639,312.395,305.491,279.907,265.010,255.751,246.280,275.579,288.906,7.967
353.716,334.552,306.472,275.560,263.460,306.607,339.086,277.232,259.277,257.361,330.654,279.723,272.808,258.933,266.049,261.568,267.883,288.879,7.660
359.235,341.438,289.633,287.855,248.086,316.312,371.449,283.113,254.345,250.981,313.026,293.830,277.370,255.731,254.151,271.765,261.952,290.016,9.046
326.054,360.116,295.122,284.004,254.866,323.215,434.347,284.307,256.336,260.361,314.219,276.732,286.744,257.077,269.865,242.475,294.985,295.343,11.092
321.286,400.361,289.756,277.052,250.608,313.453,484.772,276.655,258.031,250.930,310.474,267.973,278.139,239.596,263.935,244.828,258.700,293.326,14.787
303.607,476.553,286.789,276.480,248.698,293.227,521.828,274.003,252.064,243.899,315.452,289.143,290.893,251.740,246.876,238.179,272.667,298.947,18.607
301.513,479.892,288.461,286.653,244.873,299.215,482.703,285.749,265.476,243.386,326.184,288.054,273.313,251.375,258.962,243.987,273.890,299.629,16.957
299.079,490.356,294.133,277.895,237.911,303.668,455.465,282.464,251.381,275.791,317.465,263.821,267.384,251.870,254.546,234.929,263.015,295.363,16.674
303.578,447.037,278.278,289.440,247.340,296.085,439.333,285.897,252.294,259.146,292.294,282.223,264.267,246.519,264.368,233.076,263.974,290.891,14.253
314.926,378.152,309.678,273.387,247.299,297.717,427.162,272.693,251.622,256.943,310.180,298.071,286.694,256.058,262.524,231.020,267.630,290.691,11.613
322.199,331.515,303.683,292.391,244.873,294.704,382.432,268.527,244.829,257.538,309.531,285.321,266.292,249.889,254.427,226.535,269.066,282.574,9.203
337.699,330.698,300.394,273.206,255.766,309.287,321.865,290.972,259.605,251.139,296.732,275.143,268.872,243.663,246.130,229.073,262.886,279.596,7.603
370.822,328.674,310.594,289.089,247.351,303.810,293.581,279.583,247.625,261.620,316.294,266.536,272.181,262.014,262.400,221.343,260.190,281.983,8.483
450.983,324.150,328.294,307.762,247.814,308.688,296.693,281.458,262.252,256.329,317.895,279.696,275.523,287.024,261.989,216.770,270.557,292.581,11.842
613.733,322.904,336.028,301.556,247.842,313.895,283.683,298.574,282.067,239.614,366.772,286.955,281.612,280.264,249.243,230.510,270.773,306.237,20.407
661.288,316.863,361.694,341.194,256.144,306.826,278.766,289.646,308.188,242.430,352.140,272.295,273.982,265.870,258.795,222.561,284.853,311.384,23.030
645.400,321.793,334.467,401.177,246.186,295.826,275.762,319.712,328.927,256.025,329.303,292.080,267.278,265.543,240.119,229.116,265.590,312.606,22.640
554.220,318.998,423.556,456.972,251.722,298.109,281.644,340.392,328.364,256.918,331.513,284.554,279.402,249.971,244.535,231.530,259.623,317.178,20.411
498.932,332.910,697.761,461.185,243.354,290.806,258.591,369.417,306.370,259.804,341.855,291.170,277.157,266.375,260.173,221.460,261.780,331.712,28.329
396.181,340.373,699.644,499.137,248.598,293.344,281.386,338.367,282.877,255.810,321.421,292.804,280.374,249.082,267.319,224.018,254.949,325.040,27.509
345.279,343.425,697.489,505.774,248.849,289.903,283.112,310.395,247.913,265.430,313.140,295.321,282.185,265.423,269.941,221.154,265.095,320.578,27.221
312.157,347.703,672.739,492.714,246.491,300.057,277.911,286.335,253.798,241.791,320.561,274.170,269.733,238.928,250.422,228.838,252.626,309.822,26.400
317.100,353.988,685.422,455.577,255.677,310.138,273.274,277.859,246.821,261.215,408.794,389.000,271.473,263.562,276.800,231.073,259.571,325.726,26.381
310.319,355.814,627.750,425.157,255.986,327.413,274.492,275.072,244.204,259.601,504.711,605.589,268.256,266.995,263.049,221.028,266.092,338.325,29.773
322.372,337.537,679.367,423.266,245.058,302.810,274.046,272.038,256.137,261.405,678.535,678.339,279.203,263.370,269.535,224.624,261.205,354.638,37.871
308.972,340.313,644.467,395.052,248.787,300.032,273.977,277.856,240.493,257.278,719.504,629.473,287.580,251.043,265.292,222.167,265.993,348.722,36.909
316.072,333.471,674.367,363.935,255.175,301.907,274.323,267.693,248.658,284.506,708.912,609.062,278.808,273.337,261.173,228.159,276.000,350.327,36.275
316.769,350.361,654.533,336.278,255.835,303.429,266.488,271.476,245.793,285.690,703.851,586.991,274.327,274.346,256.303,227.662,257.967,345.182,35.189
316.156,364.286,639.833,304.823,258.086,286.785,265.858,282.270,263.230,250.367,692.978,533.875,260.117,249.707,260.265,223.889,267.828,336.491,33.594
313.022,352.796,603.744,293.286,254.581,309.822,276.271,262.119,248.683,277.557,649.219,522.607,276.381,253.683,260.043,221.859,257.700,331.375,30.539
313.437,358.108,615.711,311.149,254.062,303.883,272.488,278.649,258.773,267.810,632.618,467.027,270.740,254.067,241.827,227.485,267.850,329.158,29.184
321.533,348.481,607.711,273.198,247.089,312.057,275.290,279.661,257.980,262.652,531.417,407.714,263.940,263.173,255.789,224.662,260.048,317.200,24.773
332.533,355.568,588.722,283.169,244.543,304.968,288.865,275.937,255.868,250.627,502.004,324.616,264.626,248.798,244.389,222.167,268.040,309.144,22.783
336.990,377.860,591.044,284.302,254.560,294.449,294.756,296.445,258.132,243.810,409.846,314.464,274.708,272.904,252.443,225.134,264.132,308.587,20.460
371.840,365.517,548.567,283.968,251.619,299.530,309.607,278.364,252.017,264.380,338.132,299.911,283.747,269.192,247.659,234.856,260.451,303.492,17.546
421.519,370.864,558.867,286.843,240.570,309.862,312.307,286.643,242.756,263.810,352.303,310.152,287.637,268.000,228.135,227.141,257.004,307.318,19.593
472.811,336.093,543.183,276.302,252.718,314.660,340.888,292.536,241.454,263.646,339.360,268.446,277.363,257.394,260.854,229.081,262.930,307.631,19.652
512.772,329.786,541.872,286.448,264.014,305.951,323.881,301.034,256.417,283.880,308.004,302.464,267.249,245.942,257.632,233.053,261.260,310.686,20.276
533.837,327.883,527.111,295.919,261.096,296.057,314.043,301.856,297.020,279.335,327.175,298.634,285.797,261.038,259.778,242.573,276.967,316.831,19.713
501.728,316.904,533.789,281.702,253.756,306.923,288.756,290.276,321.221,254.905,312.096,298.304,275.505,258.865,256.292,265.035,264.817,310.640,19.129
422.451,321.525,534.539,270.290,256.440,347.822,290.680,350.313,330.552,277.684,327.934,302.848,274.957,263.043,243.681,252.444,261.487,313.452,17.271
372.525,325.520,537.028,294.069,242.509,368.190,287.538,376.918,393.182,265.886,307.759,305.616,264.630,261.899,251.849,263.742,267.308,316.833,17.517
332.976,319.190,502.906,273.133,246.828,327.684,282.941,500.078,392.950,262.494,326.412,302.491,271.530,264.370,252.227,246.520,275.725,316.497,18.713
314.766,341.191,514.778,280.355,239.849,315.996,272.083,566.320,377.440,257.468,323.969,260.848,299.872,253.957,264.746,242.465,271.879,317.528,21.706
314.100,397.518,528.567,282.435,247.302,308.696,272.347,542.749,338.317,259.671,322.452,285.482,318.651,256.058,249.416,232.303,273.656,319.395,21.399
308.263,433.350,476.156,289.770,250.423,284.984,275.393,518.803,332.541,262.987,303.509,296.009,312.000,259.120,260.503,244.018,266.747,316.151,19.132
318.496,420.457,484.506,296.988,253.704,303.923,271.584,483.100,309.151,270.494,315.504,312.161,306.423,250.697,244.811,234.699,284.106,315.341,17.917
316.149,379.050,490.639,288.165,251.969,301.862,271.611,432.025,278.297,277.462,313.592,300.991,295.313,271.284,237.454,225.641,274.637,306.244,16.107
312.370,362.709,492.456,337.198,260.588,315.534,284.690,343.831,265.165,252.722,299.329,259.348,286.413,269.529,278.719,233.884,271.022,301.500,14.203
310.208,356.146,479.000,432.883,247.103,301.239,282.673,299.194,252.272,261.215,296.421,299.973,275.110,275.755,262.897,227.674,264.626,301.435,15.438
307.630,339.442,471.083,464.923,256.014,292.862,277.746,294.414,257.527,251.759,336.461,302.875,273.986,264.274,248.189,231.417,274.828,302.672,16.208
334.560,327.437,480.717,510.355,256.450,319.911,269.756,275.542,269.353,255.354,315.658,278.964,270.996,253.736,251.762,224.712,265.388,303.568,18.437
350.999,318.918,462.611,522.198,256.825,300.794,281.343,295.652,265.723,251.006,302.009,287.821,273.142,248.962,258.573,223.306,263.099,303.705,18.300
398.751,320.120,413.933,473.798,259.261,294.170,266.637,272.755,259.059,268.127,310.316,272.268,266.719,255.159,269.297,236.285,253.487,299.420,15.645
420.753,324.611,385.289,450.879,262.546,303.664,282.974,276.542,241.106,260.601,323.373,301.125,280.512,271.692,259.930,253.437,267.626,303.921,14.263
397.508,317.984,329.872,459.625,260.148,291.514,272.003,279.113,256.042,245.291,299.974,285.920,278.641,283.332,243.308,292.816,263.110,297.424,13.082
334.138,319.067,324.706,396.335,256.375,309.571,274.617,268.712,242.745,248.468,310.382,285.089,265.772,324.082,250.200,305.172,280.945,293.904,9.355
312.529,313.910,341.828,409.472,259.454,322.259,277.944,282.734,257.941,266.405,331.189,284.527,293.936,399.034,290.686,322.081,267.736,307.863,10.445
311.875,316.768,324.872,371.250,277.426,305.891,285.574,273.868,246.801,250.025,327.768,290.018,304.445,386.332,388.724,306.058,263.103,307.694,10.101
301.099,313.775,337.594,313.996,323.117,323.433,278.482,286.401,251.821,262.722,334.776,279.491,318.007,423.389,468.357,306.818,277.161,317.673,12.891
311.157,323.296,346.272,316.379,418.344,323.279,283.700,270.307,259.969,261.633,324.544,288.812,296.993,421.486,492.870,302.265,285.484,325.105,14.886
310.124,334.129,347.333,298.815,508.402,384.490,281.660,271.031,257.695,268.582,329.890,285.384,320.537,395.000,523.070,299.861,313.198,337.012,18.153
301.442,313.692,307.761,286.976,522.162,339.538,283.825,287.298,255.151,258.918,307.645,297.384,303.349,351.058,505.422,290.614,402.498,330.278,18.164
318.175,328.278,312.283,305.141,521.368,407.559,278.878,293.395,252.053,263.108,332.996,292.259,365.402,399.034,502.962,268.904,474.681,348.028,19.924
322.014,320.668,325.633,289.653,511.216,410.619,270.254,286.630,251.524,253.810,316.096,296.866,499.402,443.226,513.649,258.917,460.747,354.760,22.539
337.953,339.392,327.400,287.972,517.756,363.336,277.746,273.893,249.745,269.228,337.461,275.438,615.416,413.212,469.757,256.152,421.685,354.914,24.151
320.742,360.412,299.961,295.641,510.306,326.842,281.597,284.511,256.249,259.791,331.513,273.768,605.954,426.409,440.924,253.333,331.099,344.650,23.049
300.373,365.372,311.856,293.839,518.254,302.206,274.182,287.937,260.140,256.911,305.132,275.125,650.399,412.712,423.784,244.167,285.590,339.293,25.293
324.428,404.104,290.533,276.331,520.162,274.194,276.825,284.464,261.224,265.734,324.482,284.348,561.189,343.846,382.092,243.033,282.769,329.398,21.311
319.033,426.091,286.467,279.379,467.258,296.105,271.465,276.517,277.983,248.120,306.281,315.232,481.270,314.942,360.443,234.129,263.630,319.079,17.239
300.462,392.732,327.672,280.375,467.595,292.915,270.779,301.984,260.143,270.975,321.522,276.018,367.673,273.192,303.270,235.268,266.505,306.416,13.431
309.408,364.873,312.650,288.887,461.148,307.964,277.274,282.693,258.241,276.146,313.772,280.688,320.441,271.466,274.205,231.318,283.930,300.888,11.935
338.726,338.970,311.261,298.734,477.808,304.547,269.125,283.508,254.972,249.146,325.754,276.554,311.758,276.707,272.341,229.742,257.271,298.643,13.155
355.987,327.032,305.244,289.835,434.777,306.502,270.789,301.962,255.238,260.070,304.855,302.616,278.587,276.692,266.730,227.664,261.275,295.639,11.037
391.553,318.783,309.144,279.206,430.196,284.992,274.122,306.524,248.594,260.949,301.518,287.402,277.537,273.731,261.822,223.088,272.234,294.200,11.799
484.320,312.428,291.039,284.790,432.656,293.304,275.525,287.749,242.880,257.456,312.232,286.420,277.623,257.000,260.319,233.379,275.516,297.920,15.241
614.295,324.879,297.139,268.819,432.000,293.275,269.376,259.172,245.902,239.981,309.425,284.429,279.274,263.284,267.968,224.568,269.018,302.518,21.746
613.313,321.915,313.639,281.480,411.911,302.684,266.558,279.859,253.263,270.000,307.877,271.089,271.865,273.447,248.476,228.500,273.564,305.261,20.939
583.400,332.726,321.750,287.073,415.474,315.830,290.442,282.956,260.095,298.519,305.579,282.045,280.242,264.183,260.319,239.530,252.418,310.152,19.093
517.418,326.788,302.933,273.161,407.811,306.826,405.604,289.740,248.451,280.222,320.873,283.759,289.292,261.385,254.984,259.697,252.938,310.699,16.733
435.529,315.756,310.400,281.681,385.567,293.421,500.531,271.031,249.406,247.867,311.746,275.920,284.530,266.587,263.784,267.480,269.183,307.672,16.338
348.584,317.234,341.506,285.710,392.955,298.247,521.581,278.577,258.305,252.684,344.180,286.036,285.932,254.495,257.443,265.924,254.919,308.489,16.105
320.636,322.255,340.633,287.863,375.165,306.737,529.152,277.592,254.583,263.063,323.798,286.786,267.733,259.558,248.422,249.629,269.516,304.889,16.001
323.696,318.174,309.367,275.851,386.557,302.389,536.541,273.408,247.359,278.601,335.925,290.116,274.957,257.139,250.649,252.290,284.817,305.755,16.342
306.968,326.118,306.194,281.823,379.832,320.968,534.248,276.404,254.546,268.829,323.539,289.125,276.708,256.611,267.378,244.492,264.883,304.627,16.055
307.050,333.550,304.544,278.911,383.979,296.474,452.323,262.094,251.056,253.361,336.566,309.062,272.512,266.447,249.697,236.578,271.139,297.962,12.959
305.694,350.108,318.250,278.351,362.464,299.036,384.340,282.351,280.263,268.861,338.215,267.973,292.331,262.553,255.692,235.109,272.106,297.276,9.631
300.765,392.219,313.000,285.621,342.914,305.543,348.914,276.524,290.143,253.259,333.636,273.205,277.673,249.356,237.978,241.013,259.769,293.031,10.019
310.779,425.174,314.528,278.871,338.368,286.312,315.488,276.207,267.689,257.639,330.281,280.125,265.890,272.620,265.308,236.015,257.714,292.883,10.390
327.286,432.009,305.406,295.387,300.832,295.162,286.924,283.520,274.336,270.709,316.592,267.902,270.185,256.178,260.659,232.904,261.971,290.468,10.234
336.421,400.620,317.833,311.875,294.502,314.709,289.505,289.210,272.882,268.949,322.443,304.286,274.295,275.514,253.530,224.975,267.264,295.224,9.177
323.128,365.706,317.672,286.423,265.481,316.000,289.116,283.179,258.255,268.525,331.478,293.089,276.726,261.793,244.130,234.548,264.821,287.063,8.059
311.143,338.532,306.722,281.242,255.959,279.555,285.492,277.652,250.734,260.962,320.785,292.804,269.302,252.688,236.914,232.033,259.326,277.167,6.980
313.758,352.714,302.950,280.161,260.003,275.700,277.795,285.837,256.793,266.228,319.022,288.330,283.356,245.606,258.200,230.025,262.769,279.956,7.008
319.018,340.756,317.444,282.149,250.034,306.162,273.366,260.110,248.134,249.696,309.965,302.812,269.185,252.269,253.735,234.328,248.894,277.533,7.561
308.734,328.307,320.394,284.940,253.000,314.360,275.314,263.740,258.594,260.108,323.368,384.527,259.270,248.846,261.395,227.523,279.586,285.412,9.240
316.377,331.122,316.261,273.915,261.000,305.874,271.495,262.991,249.762,265.880,371.272,598.777,278.388,279.149,257.416,221.280,265.678,301.567,19.861
332.474,327.779,308.178,284.919,260.550,304.599,283.271,272.743,252.350,253.975,541.496,573.768,272.196,252.014,259.595,231.492,262.813,310.248,22.887
350.698,325.257,299.300,284.141,259.838,305.150,281.086,269.890,250.908,250.241,655.895,612.491,277.708,260.808,252.508,212.250,253.832,317.765,29.076
385.765,327.321,304.222,279.218,257.540,321.854,256.908,265.592,249.356,246.209,708.430,570.000,266.352,247.226,268.724,222.005,269.894,320.389,30.216
422.001,331.592,321.694,277.052,269.814,292.870,277.119,276.423,251.905,291.209,734.289,581.616,283.619,265.817,250.541,231.879,260.615,330.592,31.314
488.748,333.725,320.978,263.508,257.742,296.312,288.165,272.157,240.751,291.848,668.759,520.705,273.605,241.399,260.492,225.424,258.121,323.673,28.394
445.022,326.034,320.972,272.540,261.773,296.794,271.637,282.282,242.308,284.994,613.425,520.321,272.100,252.279,256.184,225.003,257.707,317.728,25.155
393.063,320.345,302.944,278.964,255.704,286.170,273.878,265.266,258.062,271.272,607.232,462.527,281.441,257.120,256.243,227.621,254.059,308.936,22.557
345.195,319.636,297.900,291.129,241.021,315.372,281.904,272.918,256.510,266.772,556.943,399.348,272.281,259.264,241.643,226.018,255.015,299.934,18.555
344.880,333.846,290.439,271.141,260.003,298.838,279.818,266.348,255.036,269.253,537.189,299.848,274.559,271.048,258.043,227.412,255.637,293.726,16.245
324.829,328.928,310.850,277.867,255.766,329.919,290.571,273.445,247.611,283.297,450.430,297.429,269.000,254.625,251.097,219.848,260.780,289.782,12.193
310.950,330.737,285.911,285.266,257.581,322.215,282.818,280.229,249.269,266.728,376.154,293.750,276.046,258.135,258.751,220.495,258.432,283.145,8.570
320.868,334.682,301.972,274.831,254.268,283.008,272.063,266.270,241.566,266.620,366.101,261.170,264.288,259.385,272.784,214.639,266.788,277.724,8.443
