0045-0077,0046-0094,0055-0100,0051-0053,0061-0037,0031-0058,0046-0041,0063-0061,0050-0021,Average,Err
343.208,394.009,315.123,453.444,345.329,347.680,320.951,400.355,276.642,355.193,16.646
339.423,376.600,316.154,486.179,351.257,337.218,348.166,385.897,273.038,357.103,18.404
311.644,356.285,299.537,435.841,336.057,330.734,330.074,402.617,273.623,341.824,15.866
342.215,376.953,293.796,449.245,345.852,321.608,313.534,402.248,252.425,344.208,18.558
328.114,384.353,306.123,471.086,350.995,345.035,327.086,407.519,279.443,355.528,18.193
351.839,374.357,303.716,446.053,346.938,337.081,326.067,415.383,271.481,352.546,16.886
344.604,389.762,316.673,453.642,355.438,339.328,337.178,405.252,280.123,358.000,16.151
315.523,388.902,310.426,429.000,346.481,341.382,323.638,406.252,282.934,349.393,15.295
311.430,365.153,298.377,449.331,342.948,332.387,298.202,376.486,270.792,338.345,16.867
336.087,365.353,308.321,465.417,377.895,345.605,330.699,405.435,268.962,355.975,17.908
328.933,369.851,306.802,439.523,348.176,352.153,324.031,402.930,281.491,350.432,15.273
343.174,368.200,301.167,442.669,333.910,331.003,320.031,389.360,276.170,345.076,15.575
346.530,378.047,286.019,452.219,348.767,345.562,334.104,391.495,277.057,351.089,16.721
334.087,374.945,292.315,445.212,345.814,333.476,342.356,397.790,282.792,349.865,15.877
341.235,396.494,307.907,451.563,334.176,340.597,334.939,415.126,260.717,353.639,18.252
323.544,370.940,306.833,449.788,328.943,340.030,308.890,394.332,274.245,344.172,16.700
337.745,403.289,310.068,460.609,364.286,346.444,336.785,396.140,277.925,359.255,17.128
329.235,367.451,330.500,446.589,342.924,336.398,318.663,387.724,282.066,349.061,14.779
326.940,371.230,317.296,436.808,348.943,334.495,318.957,395.668,268.377,346.524,15.489
339.362,352.843,295.531,438.417,367.700,336.645,322.209,391.304,280.189,347.133,15.184
343.812,371.621,306.790,455.000,346.967,335.763,347.706,385.271,289.330,353.584,15.082
322.369,375.660,299.537,448.642,350.762,343.887,319.160,408.785,269.792,348.733,17.414
333.000,377.851,321.593,462.245,364.448,331.788,330.669,415.107,259.019,355.080,18.482
330.792,369.698,302.549,454.603,351.952,349.637,323.025,392.547,271.236,349.560,16.738
350.611,347.468,298.173,457.066,342.510,347.140,333.871,409.379,274.632,351.205,17.096
324.094,358.051,290.037,443.470,355.371,346.879,324.215,403.589,261.877,345.287,17.288
341.094,374.217,289.907,441.391,347.024,340.651,356.583,402.093,268.406,351.263,16.527
322.893,369.587,300.722,431.550,336.048,348.344,312.883,380.519,276.764,342.146,14.704
341.899,373.498,306.358,461.305,348.976,336.683,333.282,401.533,273.547,353.009,17.137
344.362,394.728,315.253,442.219,364.829,336.513,329.104,406.607,285.528,357.683,15.481
332.839,389.353,309.815,435.470,353.586,358.540,313.374,412.000,287.830,354.756,15.594
325.745,374.285,309.420,446.384,358.138,349.376,341.313,402.243,279.991,354.099,15.610
342.027,376.945,316.691,502.404,347.452,350.591,332.288,400.888,282.198,361.276,19.717
334.752,388.596,300.852,451.570,352.495,336.309,313.178,416.206,268.057,351.335,18.286
348.154,378.387,309.068,426.404,350.086,347.656,316.067,388.528,256.962,346.813,15.527
347.973,367.966,288.370,430.834,345.990,349.000,338.417,390.201,288.962,349.746,14.121
339.195,377.089,308.691,411.258,358.586,358.702,318.006,412.874,291.670,352.897,13.500
318.644,384.311,293.802,442.444,348.048,331.175,329.773,402.407,293.906,349.390,15.917
331.289,391.264,315.235,459.371,362.852,343.022,330.828,397.776,298.708,358.927,15.714
345.060,385.932,285.432,441.364,356.143,342.320,340.883,406.860,291.632,355.070,15.878
342.799,402.698,296.327,457.106,360.076,343.110,341.479,397.033,268.047,356.519,17.898
342.644,384.166,312.463,415.497,355.695,354.656,317.638,416.121,293.283,354.685,13.794
325.215,380.226,320.463,436.609,341.000,331.715,323.558,403.248,276.755,348.754,15.397
342.416,385.179,303.710,446.868,354.771,335.403,338.209,406.612,284.991,355.351,15.858
344.940,396.374,311.525,455.695,383.681,359.140,336.460,399.766,268.028,361.734,17.280
327.268,374.957,318.056,449.258,365.924,341.917,328.245,398.416,269.585,352.625,16.312
318.866,362.966,294.932,444.358,358.486,338.702,328.558,401.262,264.679,345.868,17.028
348.772,385.366,316.321,446.238,367.219,351.075,331.337,418.790,300.208,362.814,14.919
342.832,378.132,294.543,452.887,351.319,334.349,330.706,419.607,268.349,352.525,18.114
310.839,367.196,308.926,432.073,371.381,344.772,332.834,402.893,275.377,349.588,15.474
354.114,367.298,300.691,425.457,334.343,344.218,332.601,382.668,296.066,348.606,12.659
322.544,384.119,298.907,445.642,341.262,341.382,313.110,411.290,274.528,348.087,17.430
329.463,358.464,288.370,462.007,359.852,345.011,319.859,399.276,290.519,350.313,17.153
324.383,379.221,307.821,433.503,356.700,340.772,336.380,414.804,283.774,353.040,15.348
353.591,378.906,294.802,459.921,350.195,345.296,337.675,409.579,288.311,357.586,16.847
349.282,382.345,305.037,442.894,339.343,338.726,339.049,403.383,293.717,354.864,14.850
310.638,362.932,311.383,443.086,336.724,349.444,332.233,411.336,271.123,347.655,16.592
347.866,386.966,317.833,418.728,351.476,337.132,328.258,426.089,278.575,354.769,15.095
326.946,375.111,282.302,429.232,363.124,327.621,332.055,395.593,254.962,342.994,17.101
336.134,364.681,282.815,438.252,377.210,347.841,327.479,410.421,280.038,351.652,16.660
318.034,362.719,289.290,438.662,341.610,345.737,341.957,419.505,262.736,346.694,17.649
337.463,393.706,307.185,447.536,345.043,335.871,336.086,396.850,293.830,354.841,15.304
351.383,384.898,315.525,468.609,357.100,337.758,334.724,414.822,272.189,359.667,18.028
342.591,390.911,317.025,441.106,364.871,347.116,334.718,431.748,272.047,360.237,16.995
323.174,366.698,304.932,446.987,353.952,336.218,322.086,424.850,265.764,349.407,17.956
315.852,361.285,290.790,431.781,339.786,339.312,322.074,389.519,272.500,340.322,15.400
326.503,373.549,287.031,422.623,341.462,343.753,316.399,368.117,275.142,339.397,14.276
317.074,373.191,308.438,413.907,351.890,353.616,325.509,412.411,291.528,349.730,13.772
336.557,374.319,295.333,427.185,343.252,338.914,317.773,393.710,281.783,345.425,14.615
338.732,349.026,299.778,428.523,351.581,339.411,326.638,423.963,285.340,349.221,15.365
336.826,366.770,291.994,440.709,347.529,343.978,343.331,382.005,285.830,348.775,14.599
338.074,370.072,293.037,426.689,364.652,338.798,326.018,398.579,264.689,346.734,15.764
345.812,380.268,311.136,462.053,350.852,339.667,327.613,403.864,268.585,354.428,17.555
350.638,370.604,319.988,438.450,344.590,345.890,338.785,408.098,296.255,357.033,13.672
344.121,369.132,297.265,446.967,351.538,343.890,358.448,398.276,271.557,353.466,16.129
333.087,384.728,306.895,468.682,352.871,347.013,339.276,408.164,286.717,358.604,17.317
351.020,371.851,317.778,431.980,354.052,352.129,338.988,403.014,268.292,354.345,14.781
337.235,393.077,314.778,440.894,356.305,345.599,328.387,401.229,257.302,352.756,16.923
340.195,373.485,298.679,450.530,371.957,355.304,321.485,416.084,290.660,357.598,16.510
335.906,375.932,313.377,457.536,351.338,342.065,326.466,414.061,283.179,355.540,16.736
340.503,370.030,299.525,451.477,364.090,345.382,330.546,408.579,278.925,354.340,16.573
365.530,381.800,300.327,436.305,370.224,355.858,320.479,389.790,281.821,355.792,15.077
322.705,381.464,287.741,423.238,355.024,360.323,318.988,418.514,282.972,350.108,16.199
356.765,367.919,297.179,435.464,359.900,343.653,334.620,403.869,267.113,351.831,15.939
333.738,381.043,302.932,452.285,357.638,341.973,319.110,399.075,279.038,351.870,16.628
333.678,388.906,292.858,452.066,336.552,347.742,339.773,407.061,285.311,353.772,16.875
331.779,393.728,293.691,446.490,356.048,346.097,332.914,411.757,267.066,353.285,17.800
324.705,368.545,297.074,448.046,361.000,339.339,341.221,413.379,267.226,351.170,17.415
333.859,363.409,300.648,458.152,368.948,340.218,358.190,412.972,278.943,357.260,17.082
333.463,371.872,291.414,451.748,360.110,348.589,325.417,415.944,266.632,351.688,18.094
327.242,369.289,301.543,439.987,351.024,334.317,336.417,416.972,285.292,351.343,15.879
339.591,376.323,304.704,426.205,371.590,344.030,346.123,408.664,293.472,356.745,13.791
348.268,382.698,309.037,458.682,336.557,347.148,333.914,400.196,265.783,353.587,17.394
346.826,387.191,301.309,448.265,351.962,327.411,321.834,410.369,281.906,353.008,16.824
338.228,372.353,312.963,448.424,353.643,349.465,326.939,386.785,282.774,352.397,14.933
339.114,382.281,293.315,447.695,355.857,332.513,327.178,427.374,280.434,353.973,17.730
326.497,360.621,297.333,476.258,336.271,343.212,349.153,400.393,272.302,351.338,18.651
358.040,386.677,291.105,478.563,338.829,354.161,336.699,415.439,285.585,360.566,18.971
341.658,364.557,289.907,430.669,341.833,337.610,335.577,412.570,300.557,350.549,14.566
325.752,399.923,310.642,457.795,364.410,351.938,340.748,411.224,293.000,361.715,16.596
354.128,391.345,299.315,447.132,355.052,340.543,335.129,394.449,285.519,355.846,15.671
337.282,364.209,298.469,464.285,336.267,357.048,316.853,427.280,269.604,352.366,19.182
348.644,398.128,313.759,463.219,347.543,338.935,336.104,400.626,281.632,358.732,16.969
340.161,401.362,303.204,444.106,352.905,342.769,350.202,418.033,294.481,360.802,15.909
357.188,371.009,311.025,473.291,377.495,337.812,332.074,426.542,285.085,363.502,18.214
339.577,370.745,296.080,451.172,357.148,333.005,320.877,431.626,289.255,354.387,17.586
339.832,383.583,308.809,450.881,353.986,349.957,339.331,422.846,280.047,358.808,16.754
366.940,360.038,300.247,445.093,354.081,350.753,346.049,409.692,279.792,356.965,15.711
339.268,383.719,313.710,427.874,364.152,347.207,337.718,420.570,291.538,358.417,14.381
336.644,358.719,291.889,456.219,361.086,346.056,336.748,432.696,263.575,353.737,19.055
338.832,359.170,298.673,440.318,366.776,359.573,336.264,404.276,283.736,354.180,15.211
331.564,362.957,306.031,447.722,372.005,345.987,344.227,407.636,279.000,355.236,15.963
337.752,357.013,301.216,441.583,364.367,345.688,325.736,403.103,273.774,350.026,15.874
329.805,358.949,297.340,433.762,340.395,351.328,340.589,392.009,273.689,346.430,14.879
358.369,375.991,278.296,445.735,372.214,345.438,339.307,414.589,300.566,358.945,16.321
339.134,372.323,282.099,422.682,349.848,349.331,344.926,401.692,291.434,350.385,14.331
329.658,333.455,292.438,431.358,346.381,349.613,344.908,379.724,293.736,344.586,13.354
329.161,350.528,274.759,416.636,365.362,334.156,327.521,373.206,289.519,340.094,13.536
308.711,358.132,274.105,432.603,362.695,339.484,317.098,389.313,275.887,339.781,16.408
307.389,346.898,279.383,421.503,344.619,343.508,330.571,372.262,270.340,335.164,14.586
322.678,357.238,293.006,433.232,362.671,355.492,350.190,396.014,281.340,350.207,14.906
322.617,345.945,261.586,412.801,345.724,334.849,340.104,366.766,281.132,334.614,13.952
308.409,356.430,293.148,413.490,379.848,341.304,328.288,385.421,275.151,342.388,14.405
321.161,343.294,298.006,410.808,358.571,352.661,326.791,375.252,294.321,342.318,11.708
311.758,335.149,283.438,397.921,332.829,330.266,321.939,369.257,294.425,330.776,11.119
309.872,348.200,280.179,407.079,357.610,346.341,333.344,376.579,296.208,339.490,12.522
314.342,338.255,294.796,418.278,345.548,345.680,362.791,367.850,284.434,341.331,12.796
341.047,344.200,299.463,400.364,346.352,337.349,350.988,369.790,286.009,341.729,10.686
314.893,355.464,281.833,402.517,344.181,338.581,336.135,377.766,289.557,337.881,12.235
323.470,334.302,262.870,420.338,333.600,330.586,328.331,380.617,292.028,334.016,14.317
313.362,341.562,264.284,426.629,342.662,336.395,319.963,374.463,260.613,331.104,16.158
322.430,337.609,269.340,433.768,344.324,352.048,343.859,412.332,278.660,343.819,16.903
331.235,352.251,286.086,452.450,366.948,331.922,340.086,402.079,294.896,350.884,16.251
315.181,357.055,288.333,421.510,357.414,341.441,344.528,384.000,296.953,345.157,13.192
317.396,364.030,295.488,440.464,374.005,342.137,339.233,389.523,287.660,349.993,15.161
315.550,355.009,287.698,438.510,365.662,346.782,340.712,404.168,305.104,351.022,14.994
359.168,337.894,297.074,444.066,351.867,341.785,372.239,372.252,284.425,351.197,14.584
340.846,342.498,278.593,438.993,342.671,339.401,364.025,374.402,290.877,345.812,14.680
327.678,350.757,286.235,462.656,346.443,349.909,343.215,376.079,267.717,345.632,17.425
340.584,344.370,272.796,453.808,349.710,345.763,347.656,388.332,292.500,348.391,16.342
326.758,334.213,270.549,416.993,340.952,334.169,329.840,397.313,278.877,336.630,14.914
319.664,350.604,268.901,419.338,357.095,337.352,333.951,396.369,288.915,341.354,14.900
317.852,340.804,300.790,405.762,374.700,346.183,338.779,383.762,292.821,344.606,11.940
299.067,339.902,281.846,403.907,362.957,342.484,326.699,389.673,284.991,336.836,13.723
327.034,356.672,288.469,446.483,367.924,345.895,352.098,392.364,294.274,352.357,15.259
331.940,361.417,287.895,426.457,351.643,359.613,326.528,389.453,277.340,345.809,14.692
328.020,355.111,296.241,466.311,349.857,344.930,327.994,383.322,287.009,348.755,16.667
340.174,366.928,296.951,455.649,369.519,344.070,359.773,385.037,276.745,354.983,16.194
333.839,363.843,294.321,459.695,358.852,352.124,347.264,399.075,287.387,355.155,16.393
332.839,351.613,293.877,457.543,365.752,342.113,356.018,392.551,299.575,354.654,15.523
339.537,350.838,313.574,448.868,362.695,341.602,328.650,420.710,300.783,356.362,15.298
335.121,368.591,293.506,472.086,356.829,353.535,335.798,389.439,267.453,352.484,18.338
345.356,353.426,298.605,455.874,347.124,369.108,346.871,389.949,277.849,353.796,16.078
338.530,374.749,291.895,448.503,362.495,345.446,332.816,399.229,280.340,352.667,16.295
339.389,373.979,313.142,457.318,362.462,347.554,339.417,397.266,284.830,357.262,15.652
320.966,347.243,291.630,440.311,362.781,344.444,334.190,385.136,288.283,346.109,14.810
313.718,329.796,277.241,389.576,343.614,331.634,321.650,354.234,277.358,326.536,11.170
304.013,312.940,259.895,387.543,323.514,306.726,321.294,349.037,276.340,315.700,11.787
316.765,317.962,261.815,378.523,323.067,308.277,301.626,333.762,285.198,314.110,10.182
322.181,314.481,257.315,386.430,331.295,309.683,300.571,353.813,288.632,318.267,11.701
289.228,311.787,265.599,382.907,335.700,319.608,310.969,352.822,279.764,316.487,11.571
280.852,316.536,266.593,372.258,338.586,310.651,312.350,330.173,279.594,311.955,10.407
286.275,318.626,257.352,362.252,323.057,306.602,322.362,341.804,257.642,308.441,11.225
270.758,293.609,253.049,380.113,319.562,311.145,326.798,321.650,261.925,304.290,12.421
277.785,306.643,254.630,377.417,306.876,309.637,320.632,328.612,279.160,306.821,11.105
296.617,307.264,254.080,365.212,322.005,305.366,320.233,338.939,277.425,309.682,10.262
275.161,305.970,259.710,363.291,309.295,313.032,306.380,340.565,264.943,304.261,10.709
283.497,303.366,254.093,375.066,310.200,311.978,313.951,338.827,282.689,308.185,10.928
283.899,307.460,257.315,393.576,320.790,321.761,304.153,337.603,282.481,312.115,12.281
291.564,307.302,266.580,387.119,314.362,309.384,321.902,365.799,282.160,316.241,12.110
284.389,310.421,270.475,395.715,311.152,299.739,308.632,330.650,273.896,309.452,11.864
291.591,308.400,263.401,382.079,328.976,314.952,307.736,331.808,279.075,312.002,10.826
288.215,308.047,262.605,371.901,312.429,303.989,317.184,339.019,271.462,308.317,10.513
286.966,322.604,273.037,356.781,317.719,308.669,333.141,355.019,261.991,312.881,10.598
298.302,305.162,265.154,370.212,322.938,299.798,307.742,334.117,268.575,308.000,10.144
289.054,310.047,253.753,362.106,317.448,312.258,315.742,369.243,275.481,311.681,11.699
278.752,306.455,266.216,380.079,332.605,310.218,323.282,340.192,262.726,311.169,11.987
298.027,326.362,266.772,397.649,329.176,327.640,313.043,339.322,279.528,319.724,11.961
416.933,354.315,279.926,522.205,511.333,325.575,358.804,439.935,460.349,407.708,26.308
843.463,890.953,309.481,1474.907,1200.195,628.602,723.564,937.561,891.726,877.828,103.903
991.114,1164.609,659.815,1604.517,1312.495,1069.183,1152.061,1153.178,866.613,1108.176,83.875
1009.597,1215.621,783.667,1752.185,1402.633,1163.962,1219.736,1296.103,902.783,1194.032,89.907
997.463,1238.345,811.130,1633.338,1341.781,1162.712,1229.822,1195.724,891.000,1166.813,77.735
1044.020,1258.838,848.049,1709.987,1352.571,1212.457,1219.025,1224.551,829.160,1188.740,84.073
1033.268,1312.860,894.599,1707.642,1336.243,1211.215,1217.515,1258.206,797.283,1196.537,84.325
972.074,1251.923,832.809,1659.987,1260.390,1160.632,1175.472,1206.967,778.104,1144.262,82.921
953.611,1235.655,818.315,1607.881,1186.095,1083.476,1098.252,1186.164,730.802,1100.028,80.779
946.772,1265.740,823.185,1658.576,1244.438,1148.815,1186.258,1155.551,786.123,1135.051,83.209
931.530,1198.481,765.753,1566.437,1168.724,1106.605,1088.509,1087.178,715.698,1069.879,79.501
919.235,1236.226,792.222,1631.709,1162.681,1078.204,1070.638,1051.313,709.774,1072.445,84.748
876.114,1159.196,727.549,1572.146,1131.590,1056.180,1083.914,1109.327,730.377,1049.599,81.065
920.463,1144.970,768.580,1582.980,1129.776,1041.694,1067.012,1111.710,767.160,1059.372,76.884
964.940,1118.621,724.562,1534.411,1098.029,1043.575,1080.939,1093.986,717.123,1041.798,76.008
881.141,1143.043,713.130,1562.377,1109.757,1009.304,1040.325,1102.383,741.236,1033.633,79.673
939.134,1116.060,729.728,1515.629,1115.495,990.503,1019.975,1095.636,694.632,1024.088,75.938
903.765,1107.940,751.340,1543.325,1152.948,986.616,995.877,1101.617,689.585,1025.890,78.739
925.416,1059.111,682.716,1408.609,1010.867,962.562,959.663,1058.238,663.585,970.085,69.242
902.450,1119.766,763.636,1487.570,1085.157,1000.677,1006.055,1052.481,722.302,1015.566,70.486
958.107,1156.613,739.228,1529.523,1100.019,1039.438,981.454,1124.907,725.274,1039.396,75.661
930.537,1130.051,696.728,1496.848,1073.676,994.909,979.074,1084.902,674.934,1006.851,76.893
956.711,1098.260,709.926,1502.232,1053.005,964.263,998.712,1115.173,696.330,1010.512,75.071
937.000,1113.736,689.130,1536.371,1044.252,997.847,982.117,1158.000,718.481,1019.659,78.901
958.852,1185.872,764.944,1551.642,1127.343,1039.680,1029.577,1178.491,750.302,1065.189,76.209
856.007,955.757,624.556,1331.305,1009.881,936.099,915.288,956.336,683.783,918.779,63.567
750.081,825.183,545.401,1183.636,885.619,825.390,861.147,897.416,656.019,825.543,55.687
751.745,814.915,544.191,1172.901,898.924,808.858,843.233,865.458,627.953,814.242,55.648
727.631,846.936,573.698,1196.291,901.414,836.581,849.184,866.458,689.991,832.020,54.096
722.872,773.417,573.228,1175.543,893.524,811.976,790.147,855.150,632.830,803.188,54.319
679.262,814.298,514.432,1157.185,934.652,836.484,814.920,889.561,622.009,806.978,59.094
706.477,800.013,529.012,1145.940,898.719,802.417,829.491,846.439,622.689,797.911,55.113
685.913,790.681,507.648,1144.225,852.024,751.879,763.331,772.682,613.236,764.624,55.310
669.221,793.723,525.586,1114.046,886.452,779.481,769.252,808.916,619.472,774.017,52.881
667.564,800.081,528.278,1070.848,853.448,792.610,762.933,810.565,624.142,767.830,48.526
692.510,799.745,531.605,1110.338,841.986,812.355,779.540,804.252,604.783,775.235,51.501
696.617,761.043,522.975,1107.119,858.548,793.384,792.804,820.963,610.425,773.764,51.756
646.772,769.366,491.580,1039.364,815.843,791.930,757.908,812.014,631.226,750.667,47.874
667.792,763.557,530.580,1089.311,813.890,754.320,777.288,850.402,595.755,760.322,50.672
708.040,750.885,534.395,1059.364,908.486,782.613,792.736,847.570,610.321,777.157,48.984
715.208,847.072,546.364,1156.940,896.610,817.188,839.288,875.893,639.915,814.942,54.625
720.510,872.285,538.580,1143.914,858.076,863.535,842.411,852.612,619.802,812.414,54.571
743.980,832.136,555.537,1166.033,958.129,855.820,847.337,903.075,637.717,833.307,56.136
703.846,875.409,559.525,1211.768,922.386,876.640,881.018,920.766,609.085,840.049,61.496
772.309,848.715,567.290,1188.444,951.500,898.008,848.288,942.164,658.462,852.798,56.462
789.436,866.570,592.642,1206.285,969.290,872.118,871.485,899.790,637.057,856.075,56.633
749.698,878.936,525.340,1201.742,943.338,848.446,899.276,904.551,663.387,846.079,59.714
768.497,850.051,583.463,1226.199,946.129,857.774,869.166,934.528,647.075,853.653,58.487
738.007,878.098,557.488,1199.742,962.986,868.215,863.031,934.939,639.566,849.119,59.418
767.631,896.732,577.080,1280.728,977.081,922.199,909.663,914.262,585.321,870.077,67.078
760.362,920.702,621.370,1220.589,960.243,907.116,906.061,951.089,656.651,878.243,56.832
776.913,929.183,595.623,1258.377,972.705,920.828,888.356,953.491,594.991,876.718,64.209
765.933,910.323,594.667,1262.728,936.705,929.962,858.865,934.360,642.849,870.710,61.504
785.933,895.643,602.451,1267.894,933.838,882.298,877.202,950.369,589.028,864.962,63.546
741.604,923.596,592.327,1280.715,944.186,889.616,899.282,964.388,600.868,870.731,66.037
741.658,862.979,575.543,1219.384,990.895,916.081,858.429,926.930,643.509,859.490,60.422
734.423,850.332,588.259,1231.689,946.814,911.191,901.779,920.734,614.000,855.469,61.240
773.349,890.468,628.451,1258.570,945.638,892.215,928.669,979.173,615.972,879.167,61.307
766.074,922.826,611.043,1243.901,993.186,882.086,894.202,958.435,605.802,875.284,62.235
786.000,911.234,590.815,1219.768,946.710,884.419,858.540,954.659,624.802,864.105,59.029
781.383,912.932,589.006,1260.662,955.205,908.280,902.411,947.178,626.604,875.962,62.452
726.523,864.489,595.864,1181.351,916.181,868.349,851.282,944.107,565.792,834.882,59.017
768.430,866.319,578.019,1217.477,981.510,885.753,882.374,971.402,573.991,858.364,63.425
746.235,893.677,550.531,1192.252,919.852,837.298,831.466,884.935,560.019,824.029,61.274
771.799,888.740,600.556,1282.245,926.252,885.083,860.982,952.374,568.538,859.619,65.988
747.570,870.885,572.043,1208.868,937.710,887.707,843.264,938.570,597.840,844.940,60.587
724.154,893.328,518.852,1140.616,911.719,864.852,823.613,912.710,582.019,819.096,59.183
714.134,873.843,590.327,1160.437,924.348,866.065,844.387,891.065,597.443,829.116,55.577
726.872,874.243,567.093,1170.232,912.024,871.333,847.245,922.743,550.151,826.882,60.147
738.047,866.651,576.160,1155.450,908.162,882.250,893.123,912.589,558.774,832.356,58.088
758.846,908.932,552.352,1141.040,924.586,873.688,877.656,912.794,567.906,835.311,58.113
739.094,883.834,557.741,1145.358,915.448,862.683,841.031,983.220,545.726,830.459,60.605
789.060,873.383,559.346,1179.106,907.952,878.054,897.675,898.192,546.179,836.550,60.499
759.436,885.609,576.117,1140.179,923.043,856.371,857.387,890.673,603.538,832.484,53.720
752.617,846.540,579.241,1107.066,889.948,850.879,845.405,929.033,543.792,816.058,54.450
720.208,889.791,527.630,1074.205,905.714,855.132,886.877,935.005,559.462,817.114,56.548
780.993,863.689,555.327,1111.861,887.100,890.780,826.748,907.832,556.481,820.090,55.040
747.369,821.204,557.426,1100.060,911.000,825.073,847.160,888.150,514.491,801.326,56.278
702.591,855.549,546.173,1118.583,889.971,854.078,802.074,898.907,564.462,803.599,56.071
720.423,852.289,531.315,1098.219,888.614,828.683,807.172,869.668,573.104,796.610,53.880
703.678,847.221,539.222,1092.642,872.081,851.054,827.129,890.140,535.321,795.388,55.742
723.584,847.630,560.753,1078.894,845.652,845.363,792.883,895.243,519.896,789.989,53.743
733.342,850.945,564.759,1035.331,912.643,844.468,852.571,895.369,549.575,804.334,50.531
730.987,838.740,535.093,1011.245,873.024,826.766,827.724,857.187,553.189,783.773,48.394
746.081,798.902,531.636,992.656,861.524,852.331,777.509,889.836,540.264,776.749,48.399
708.852,793.668,503.099,966.013,839.195,788.954,744.061,819.958,490.104,739.323,48.705
685.624,817.557,537.593,950.868,902.038,811.263,764.706,844.210,521.953,759.535,47.313
674.732,820.749,515.593,980.563,851.338,771.462,739.479,842.911,482.066,742.099,50.854
752.812,854.230,519.877,983.603,880.248,790.712,772.018,837.715,509.302,766.724,49.767
714.705,812.077,526.056,977.179,865.086,779.320,737.589,862.262,502.358,752.959,49.061
675.161,805.987,504.735,935.550,823.976,778.699,696.926,848.140,500.981,730.017,47.203
712.866,815.068,510.772,941.848,847.157,781.946,743.405,853.565,502.311,745.438,47.407
670.732,807.477,507.093,901.927,831.995,775.030,714.006,847.070,484.802,726.681,46.505
663.430,788.345,463.377,894.748,798.676,735.333,713.374,788.173,479.528,702.776,45.885
657.517,756.294,510.148,901.550,785.776,764.847,724.699,810.416,475.594,709.649,43.818
679.577,799.566,507.068,888.152,848.705,756.505,716.883,804.762,497.755,722.108,43.889
658.752,788.523,492.185,878.007,822.876,753.554,691.196,803.173,467.840,706.234,45.358
649.537,792.387,462.611,874.649,811.048,735.336,691.098,840.757,510.009,707.493,45.406
671.268,779.260,473.216,837.139,849.576,754.040,704.239,792.229,448.075,701.005,46.431
627.725,781.077,485.012,844.934,805.771,739.933,718.755,816.388,519.340,704.326,41.302
673.195,806.630,457.951,825.371,837.519,724.559,655.969,814.944,502.708,699.872,44.442
671.107,767.711,439.901,824.848,796.462,730.505,684.699,789.673,471.670,686.286,44.111
653.396,762.370,444.586,840.079,794.505,730.468,673.031,802.336,451.934,683.634,45.961
655.631,770.123,437.191,779.728,771.233,701.790,650.006,761.206,467.198,666.012,41.191
641.483,766.157,439.204,846.430,781.367,705.306,608.957,830.879,463.132,675.880,47.166
617.960,754.136,422.988,798.815,788.071,681.554,653.920,800.692,465.877,664.890,44.478
601.765,756.553,421.210,868.669,803.710,660.212,611.104,813.150,462.538,666.546,49.489
592.685,757.272,410.981,856.450,813.024,669.282,607.129,733.584,476.774,657.465,47.117
574.564,734.430,413.154,875.351,776.590,671.204,630.656,765.121,455.066,655.126,48.121
557.154,748.574,380.549,897.563,719.033,686.073,638.276,755.089,433.575,646.210,51.662
526.248,729.366,366.975,895.828,741.600,644.637,640.865,701.332,437.415,631.585,51.571
516.114,714.519,369.056,909.788,770.371,666.726,634.411,754.397,420.113,639.500,55.140
544.007,704.153,385.926,888.709,785.733,661.866,627.374,752.836,442.925,643.725,51.287
541.396,719.477,355.735,918.987,713.010,672.196,603.755,742.621,441.123,634.255,53.535
524.570,756.817,399.235,964.907,730.657,663.253,601.577,765.584,444.453,650.117,55.979
523.101,701.562,378.568,973.669,729.252,657.782,600.816,762.369,462.991,643.345,55.906
487.235,669.979,363.858,931.570,706.748,609.642,610.650,722.897,417.651,613.359,54.622
512.423,694.434,363.506,941.940,704.300,643.637,597.031,753.780,453.887,629.438,54.368
472.779,680.123,382.586,929.424,652.757,629.454,570.147,733.070,411.009,606.817,53.971
493.960,663.574,388.519,916.874,669.748,652.820,566.669,737.393,434.038,613.733,51.389
494.658,655.757,376.296,931.709,637.776,606.296,550.000,724.126,400.330,597.439,53.687
490.087,651.200,385.852,891.497,655.657,589.844,587.356,708.065,444.481,600.449,47.759
456.436,618.753,359.580,888.404,656.714,605.196,593.074,685.561,463.481,591.911,48.509
454.792,628.362,367.623,873.815,601.748,610.266,565.969,680.164,433.972,579.634,47.452
452.309,589.574,341.778,885.947,587.771,588.368,551.620,694.551,426.925,568.760,50.074
498.416,607.098,341.117,840.656,586.876,599.763,572.141,681.121,441.991,574.353,44.705
486.376,609.587,369.185,835.914,619.405,603.656,618.025,676.752,438.236,584.126,43.382
498.188,591.596,367.957,817.934,595.524,596.667,575.092,698.145,398.302,571.045,43.772
472.195,616.238,366.253,872.464,589.171,612.304,598.123,673.612,398.821,577.687,48.068
469.081,589.311,371.475,828.762,618.943,592.137,577.368,662.738,430.717,571.170,42.724
518.792,563.877,384.630,806.788,564.805,602.390,593.454,692.551,429.943,573.026,39.949
472.638,574.745,364.253,805.536,576.362,610.664,570.448,698.304,437.170,567.791,42.027
460.430,569.098,376.340,803.099,597.733,611.075,564.515,693.551,400.792,564.070,43.021
471.685,543.077,358.179,821.702,590.800,630.438,561.528,706.346,403.774,565.281,45.649
488.678,539.494,380.969,833.477,604.714,597.245,532.712,696.192,389.425,562.545,45.006
474.007,543.477,359.426,802.272,609.243,600.288,562.479,666.776,417.321,559.476,41.929
471.221,546.098,366.062,832.603,628.305,612.387,566.859,663.916,398.660,565.123,45.003
473.121,551.319,377.123,815.033,579.157,620.793,543.712,688.248,421.594,563.344,42.447
468.705,546.038,363.852,823.881,586.524,610.169,569.724,683.869,395.774,560.948,44.757
464.483,545.204,362.086,785.715,597.090,623.616,585.429,676.879,404.906,560.601,42.052
423.624,517.817,356.130,770.543,578.395,602.898,534.920,665.776,393.868,538.219,42.104
439.477,510.928,354.457,769.589,546.238,615.715,523.067,611.963,374.283,527.302,40.876
474.403,542.353,358.667,845.596,566.381,623.696,525.282,656.005,427.066,557.717,44.705
476.738,513.404,344.327,799.053,547.719,603.919,549.773,656.505,384.651,541.788,43.323
464.369,518.140,353.377,779.775,520.276,594.981,543.190,650.612,390.472,535.021,41.023
467.040,551.038,339.772,779.656,538.138,597.137,569.607,682.355,413.104,548.650,41.989
470.423,564.553,365.951,773.351,530.962,567.142,549.534,655.864,399.953,541.970,39.142
454.899,566.553,363.901,818.576,549.067,555.887,535.939,670.364,390.698,545.098,43.881
484.805,615.609,340.722,831.119,553.890,583.858,561.405,661.252,394.406,558.563,45.623
469.450,620.421,353.093,824.397,572.090,557.761,538.558,673.491,422.632,559.099,44.015
481.423,652.179,345.395,842.152,592.062,551.809,533.687,705.617,433.217,570.838,46.923
488.342,670.881,354.259,848.563,574.081,559.737,567.000,677.009,408.075,571.994,46.977
451.960,729.523,364.284,811.543,565.852,540.573,555.853,683.925,396.160,566.630,47.690
443.866,716.860,359.302,834.391,590.419,542.919,545.761,684.061,387.736,567.257,49.650
443.121,749.447,346.370,835.689,571.395,529.000,527.055,678.477,402.358,564.768,51.166
457.980,715.217,378.068,826.238,515.333,541.726,522.908,665.435,392.509,557.268,47.309
417.349,738.132,359.790,808.265,517.905,529.296,533.706,663.196,389.736,550.819,49.202
450.772,749.200,357.852,800.278,520.857,539.798,532.190,693.192,407.387,561.281,48.439
425.423,761.055,357.352,752.172,527.610,535.301,491.982,681.640,383.566,546.233,48.053
421.644,780.179,364.364,810.901,524.814,544.852,525.233,682.836,375.755,558.953,52.180
438.792,792.119,352.395,785.232,508.624,540.634,525.258,675.495,358.481,553.003,52.131
438.081,813.060,375.716,852.172,511.067,543.051,526.865,671.860,376.066,567.549,55.315
430.624,821.868,351.525,781.748,530.310,531.341,499.178,690.322,390.208,558.569,53.188
440.678,836.243,360.901,795.589,538.381,534.000,494.755,690.972,395.226,565.194,53.881
445.859,868.528,338.660,788.205,522.210,538.543,490.626,660.944,377.528,559.011,56.597
438.919,860.072,329.895,789.106,505.548,543.446,531.871,729.112,361.236,565.467,59.005
461.852,840.438,379.531,798.967,503.838,550.917,523.178,689.229,369.858,568.645,53.832
473.872,834.315,364.944,802.887,508.924,528.113,514.098,714.972,376.264,568.710,54.720
424.396,840.204,377.809,823.430,510.967,553.218,499.638,699.019,351.783,564.496,57.530
436.101,825.383,366.352,788.113,522.943,530.470,541.951,715.285,385.519,568.013,53.503
445.376,839.970,364.914,821.437,523.124,535.148,530.607,704.252,349.858,568.299,57.211
448.329,796.604,340.914,825.470,503.762,531.495,519.706,708.107,352.038,558.492,56.403
439.342,729.579,367.519,815.490,510.095,559.038,539.914,713.972,345.811,557.862,51.888
457.154,720.970,352.327,841.331,541.776,548.954,547.098,647.607,355.358,556.953,50.778
429.221,672.783,384.241,865.199,536.914,547.075,563.031,674.126,370.670,560.362,50.116
407.933,632.409,354.512,873.649,563.819,535.508,516.252,693.949,371.321,549.928,52.602
418.040,539.660,357.784,786.675,559.852,500.341,457.012,612.430,345.283,508.564,43.326
426.940,548.783,341.056,812.536,579.062,527.237,506.239,706.570,377.925,536.261,47.588
410.416,537.072,357.160,835.238,638.895,549.516,537.436,688.850,394.189,549.864,48.409
417.376,481.783,336.383,856.768,614.686,529.941,517.190,676.453,414.943,538.391,49.773
396.805,466.762,361.136,807.470,633.352,512.280,503.607,677.061,403.830,529.145,46.677
409.430,466.460,338.000,808.530,628.171,539.344,515.344,656.603,384.906,527.421,47.138
433.691,480.230,350.093,820.106,620.719,518.831,497.589,668.332,377.198,529.643,47.163
420.745,457.119,351.309,816.788,615.038,549.185,519.890,630.780,421.887,531.416,44.577
402.148,458.289,330.660,798.682,610.886,518.753,494.632,649.215,366.981,514.472,47.134
427.087,459.511,375.574,771.358,593.333,506.188,513.589,609.379,388.830,516.094,39.596
404.013,495.145,357.772,839.066,530.367,501.344,481.914,610.103,388.811,512.059,45.658
408.879,493.179,355.216,830.517,525.424,521.315,471.202,606.762,383.755,510.694,45.047
407.839,462.851,369.907,798.881,498.938,493.640,487.638,630.710,395.330,505.082,42.183
449.456,463.400,365.469,744.536,492.590,490.876,463.282,577.220,375.887,491.413,35.829
412.094,477.553,355.463,765.921,475.014,500.317,473.546,579.374,343.094,486.931,40.145
427.718,463.285,360.333,731.060,500.752,488.575,449.675,573.435,359.774,483.845,35.976
420.685,500.191,354.864,774.252,505.390,503.462,469.466,605.846,362.500,499.629,40.620
424.772,460.540,351.290,708.689,479.867,492.129,452.380,589.187,370.217,481.008,34.635
437.262,448.621,335.278,728.940,483.590,489.532,458.147,594.234,352.311,480.880,37.787
408.134,481.506,343.611,736.742,480.138,478.204,449.515,561.215,326.632,473.966,38.555
438.946,483.609,343.500,776.430,478.257,495.898,475.583,598.019,357.368,494.179,40.921
430.221,456.668,351.068,774.278,493.662,490.567,463.006,591.645,336.415,487.503,41.486
420.376,494.638,351.951,767.808,460.352,485.946,466.896,585.827,363.066,488.540,39.723
439.537,468.813,349.858,700.391,449.010,475.366,465.957,590.388,341.434,475.639,35.078
401.027,455.209,355.809,708.371,451.790,468.930,440.663,593.696,320.274,466.196,37.453
395.128,462.234,345.877,729.974,436.829,462.172,474.724,620.911,338.321,474.019,40.033
404.993,483.281,346.611,719.795,420.114,472.578,480.399,580.953,343.123,472.427,37.348
434.356,485.919,374.204,742.490,450.986,477.669,428.509,588.061,348.057,481.139,37.644
427.617,471.877,351.432,705.742,457.676,471.801,478.994,601.995,356.066,480.356,35.330
391.584,463.204,352.531,689.437,449.781,487.016,449.761,614.785,326.821,469.436,36.971
441.315,473.374,364.475,731.424,435.305,489.648,467.294,609.187,339.377,483.489,37.958
438.275,464.349,347.611,772.901,453.557,479.664,449.939,585.383,333.255,480.548,41.506
401.631,473.068,359.599,641.815,435.471,464.790,438.877,579.715,342.566,459.726,30.613
437.201,500.196,350.574,703.854,477.576,493.882,467.202,610.584,351.094,488.018,35.582
413.765,472.711,348.883,707.344,436.029,471.651,443.141,563.743,345.311,466.953,35.189
387.054,474.834,375.358,688.583,447.786,461.976,446.834,604.449,349.585,470.718,34.660
426.430,477.557,378.049,698.556,451.138,464.237,468.595,565.748,343.547,474.873,32.958
416.570,457.932,335.444,691.033,433.462,438.250,445.178,562.850,350.557,459.031,34.197
408.705,480.115,359.562,682.152,447.514,478.702,431.607,578.607,343.321,467.809,33.503
396.597,461.528,354.025,724.424,460.514,459.540,467.663,579.631,347.840,472.418,36.974
401.409,481.762,346.685,733.828,441.714,452.753,435.613,606.972,357.047,473.087,39.027
397.376,472.077,356.296,662.477,424.938,447.011,422.957,558.079,354.925,455.126,31.237
424.866,474.685,360.080,687.940,446.438,444.449,439.436,592.234,380.491,472.291,32.714
408.376,479.523,334.790,696.934,416.019,453.898,468.503,556.159,334.396,460.955,35.472
399.785,498.430,360.031,682.139,438.843,443.863,455.877,547.603,357.491,464.896,32.037
408.523,480.694,350.988,667.728,439.229,456.328,441.031,586.846,364.943,466.257,32.144
394.282,436.357,353.519,665.444,460.524,436.379,442.202,563.224,344.226,455.129,32.038
416.826,480.106,333.185,680.020,430.376,445.054,448.442,556.187,342.151,459.150,33.541
396.383,480.702,345.191,656.411,453.257,430.847,424.742,596.136,338.000,457.963,33.656
401.121,463.221,350.852,662.894,446.929,453.938,457.417,592.463,349.840,464.297,32.638
400.946,491.566,340.198,658.358,445.752,445.306,425.061,548.430,333.689,454.367,32.071
400.631,469.770,345.778,668.980,461.762,446.672,442.755,564.009,359.943,462.256,31.740
398.530,488.272,343.284,672.815,457.043,437.065,444.258,604.958,331.019,464.138,35.446
440.477,458.068,336.444,671.993,459.410,451.245,436.344,562.061,385.311,466.817,30.793
400.295,472.068,336.049,663.444,445.671,432.274,427.000,557.215,320.255,450.475,33.461
382.349,472.745,330.142,657.450,471.962,416.648,442.883,550.729,350.217,452.792,32.236
418.268,496.677,354.907,667.854,459.290,441.005,472.252,579.617,382.434,474.701,30.677
390.228,479.426,360.019,651.377,435.633,458.613,439.172,561.743,345.575,457.976,30.692
385.497,477.940,357.475,687.603,454.376,443.876,463.638,576.313,371.425,468.683,33.183
372.450,472.991,338.914,639.000,422.376,449.124,412.393,519.187,375.255,444.632,28.738
410.463,481.370,349.204,645.616,426.838,451.718,418.914,566.290,385.396,459.534,29.262
389.832,441.843,353.957,637.762,425.919,426.411,449.472,529.360,402.547,450.789,26.724
398.034,452.489,332.562,619.722,418.924,418.183,433.000,526.514,371.019,441.161,26.980
378.826,443.979,334.253,620.119,415.810,429.599,419.190,537.916,366.623,438.479,27.990
376.591,462.617,328.543,639.629,429.614,445.847,434.644,549.285,391.170,450.882,29.447
389.792,498.638,364.735,612.146,448.257,427.495,446.761,548.944,371.255,456.447,26.221
406.322,444.183,369.383,612.927,424.262,449.935,412.656,545.547,382.009,449.692,25.042
423.477,467.187,343.543,601.060,410.362,442.806,436.969,526.850,347.689,444.438,25.589
392.503,446.851,332.438,631.450,452.943,444.078,431.896,543.103,333.575,445.426,29.911
393.906,468.277,330.463,635.735,470.405,441.226,443.288,537.631,358.142,453.230,29.150
397.604,458.664,338.870,646.828,414.876,439.911,442.466,569.850,379.736,454.312,30.315
388.940,475.247,358.660,650.238,429.205,450.054,440.626,549.579,381.755,458.256,28.821
409.154,482.115,353.272,683.536,442.205,450.594,445.411,570.874,330.321,463.054,34.080
417.805,502.702,362.821,610.450,457.129,444.126,427.681,558.696,343.585,458.333,27.275
389.758,456.830,348.660,606.497,433.643,428.860,427.000,540.033,339.915,441.244,27.038
409.879,451.813,341.056,617.411,420.105,435.567,430.209,539.963,346.651,443.628,27.535
365.188,470.315,352.123,667.523,434.614,433.360,427.804,529.346,352.915,448.132,31.661
400.268,468.834,362.235,592.245,411.705,427.651,442.258,540.098,362.981,445.364,24.416
388.356,464.387,340.296,646.172,459.576,424.277,445.969,556.201,340.321,451.728,31.146
387.604,477.251,330.617,591.589,445.986,440.347,451.147,549.593,345.491,446.625,27.168
406.309,484.153,344.648,642.358,443.429,442.551,407.644,563.766,335.698,452.284,31.236
365.591,453.094,334.321,573.556,418.805,419.465,388.067,513.145,318.745,420.532,26.040
414.443,459.677,328.327,626.669,448.171,429.503,438.147,584.201,333.189,451.370,31.344
406.879,457.655,366.660,649.887,448.381,440.941,429.209,593.467,332.387,458.385,32.034
392.195,459.783,361.556,650.874,428.938,436.468,407.853,590.159,347.679,452.834,32.214
388.893,472.774,337.994,601.192,430.233,439.065,401.558,625.893,332.858,447.829,32.798
416.919,442.957,332.537,606.517,450.067,419.796,419.006,595.136,344.764,447.522,30.102
384.101,470.017,335.025,645.649,445.276,441.226,399.675,605.533,375.906,455.823,33.007
418.758,459.613,340.426,594.172,443.529,409.626,421.012,601.836,342.915,447.988,29.577
417.289,484.740,367.395,611.960,429.424,422.618,429.933,594.579,321.906,453.316,30.250
381.309,478.340,335.747,607.258,430.743,429.997,428.031,586.850,355.623,448.211,29.848
384.081,501.860,350.444,598.219,451.062,427.594,434.724,549.916,358.019,450.658,26.780
394.832,467.902,343.272,628.662,438.090,422.102,443.933,553.252,337.660,447.745,29.579
374.577,456.621,342.840,640.755,419.295,433.255,412.632,531.425,333.528,438.325,30.468
421.638,453.268,356.914,614.980,443.690,424.817,408.497,534.570,319.764,442.015,27.808
397.537,453.519,331.031,575.570,410.248,430.583,423.791,530.883,350.340,433.722,24.701
364.107,441.902,351.975,596.106,426.452,412.720,422.742,511.168,355.028,431.356,25.023
379.805,472.711,354.840,589.073,430.767,434.339,448.319,529.266,345.283,442.711,25.149
394.356,462.404,349.068,626.199,438.214,417.605,427.816,521.589,363.962,444.579,26.857
393.933,476.940,351.414,616.245,437.257,425.317,442.252,544.346,381.745,452.161,26.194
367.772,455.813,316.691,570.430,444.824,447.866,412.067,498.911,364.160,430.948,24.097
377.611,471.085,335.901,583.589,426.971,423.583,414.951,495.780,372.321,433.533,23.490
392.188,452.511,343.698,597.821,453.219,417.578,421.215,515.472,361.217,439.435,24.734
385.369,433.617,354.963,591.384,443.205,422.728,415.110,511.458,340.566,433.156,24.513
400.960,458.740,364.278,616.940,422.724,435.992,430.172,505.935,345.708,442.383,25.463
374.866,477.502,353.617,598.530,428.186,419.731,410.859,519.467,333.142,435.100,26.565
405.919,458.694,343.685,627.232,441.795,411.871,413.847,499.210,324.283,436.282,28.130
372.416,473.349,348.494,603.722,430.905,417.056,390.994,507.439,348.236,432.512,26.372
371.040,443.932,349.704,571.325,421.633,413.677,424.442,492.136,381.613,429.945,21.274
382.570,444.179,354.420,572.060,422.914,416.898,417.479,489.220,335.962,426.189,22.482
401.872,459.838,347.222,591.623,439.390,435.312,379.399,526.645,355.491,437.421,25.271
383.711,451.651,347.463,575.669,429.186,413.941,404.252,511.346,339.358,428.509,23.928
398.329,459.579,337.549,600.497,424.429,408.793,428.853,519.916,344.179,435.791,26.087
397.396,459.787,327.352,588.046,420.833,415.511,426.798,534.206,357.896,436.425,25.690
416.799,454.766,344.852,592.252,414.148,406.417,405.896,527.664,334.613,433.045,25.893
397.383,432.689,342.759,616.848,426.781,408.613,435.117,517.159,337.613,434.996,27.216
428.114,481.017,339.790,593.603,420.167,423.484,397.491,512.799,357.906,439.374,24.837
370.443,434.477,324.364,526.026,396.390,404.454,384.540,496.248,327.802,407.194,21.645
381.047,446.923,337.080,562.344,420.867,392.769,396.202,509.556,336.009,420.311,23.769
414.128,480.860,339.833,547.894,429.438,411.866,419.890,495.804,335.236,430.550,21.832
400.966,436.809,360.679,609.854,424.062,400.073,398.479,500.248,346.538,430.856,25.303
370.436,441.455,330.512,603.841,406.019,395.366,398.791,515.780,327.236,421.049,28.053
390.342,445.255,347.426,615.887,428.333,405.403,412.037,528.930,330.387,433.778,28.041
377.128,481.966,342.537,594.258,402.510,413.844,415.957,519.117,334.349,431.296,26.855
393.188,436.557,337.481,592.623,418.124,415.164,402.945,508.313,337.906,426.922,25.344
405.262,435.540,336.253,612.483,422.186,402.720,392.405,533.790,369.915,434.506,27.023
387.181,467.311,344.154,603.987,444.043,420.503,400.847,551.369,392.472,445.763,26.272
391.463,470.719,362.142,585.609,423.905,408.734,424.834,570.033,408.849,449.588,24.616
378.268,432.323,344.148,591.046,435.614,416.140,435.393,575.117,398.009,445.118,26.356
369.181,459.540,333.586,585.517,407.290,425.430,403.031,563.472,377.538,436.065,27.115
403.027,447.749,344.049,610.397,412.019,425.210,413.074,566.794,377.217,444.393,27.496
364.564,451.940,317.204,548.172,408.371,399.927,405.650,519.738,341.472,417.449,24.315
385.966,441.077,347.870,599.603,391.700,396.011,385.086,539.206,369.283,428.422,26.713
383.859,449.387,345.309,609.258,404.800,404.328,418.681,529.701,343.274,432.066,27.365
373.839,434.557,350.407,580.550,420.490,416.056,397.736,529.164,333.830,426.292,25.449
384.161,460.532,351.154,576.980,422.443,416.215,385.215,529.794,332.274,428.752,25.483
373.591,440.557,343.043,569.616,374.676,399.438,391.883,482.402,336.000,412.356,23.459
378.450,446.209,318.019,565.947,419.905,388.094,390.706,510.150,316.547,414.892,25.959
365.980,434.851,338.500,552.232,409.319,387.519,401.865,489.425,314.896,410.510,23.259
362.114,459.289,337.198,547.914,400.552,414.462,389.595,505.696,304.198,413.447,24.799
383.570,450.302,344.302,561.881,407.333,414.589,391.258,490.350,325.085,418.741,23.058
379.483,418.409,328.716,605.781,436.319,416.847,408.785,519.724,344.160,428.692,27.196
359.537,470.668,333.728,577.252,415.724,410.054,410.466,482.841,317.915,419.798,25.573
368.597,469.609,352.432,569.781,411.529,414.212,397.018,494.234,335.642,423.673,23.634
392.591,446.443,324.160,576.358,410.424,410.441,417.589,495.846,337.377,423.470,24.278
383.725,453.783,358.981,554.060,422.167,409.441,376.742,497.257,327.811,420.441,22.390
387.128,450.702,347.870,570.742,417.290,409.441,392.798,503.093,348.321,425.265,22.933
366.430,449.081,342.920,569.503,432.324,395.468,394.926,505.598,338.906,421.684,24.157
387.255,469.319,357.210,587.861,414.686,394.801,409.485,522.453,341.962,431.670,25.278
404.785,471.677,342.191,587.179,420.452,424.728,407.239,491.458,341.736,432.383,24.073
385.926,440.630,317.920,570.914,413.224,407.395,406.368,502.888,323.358,418.736,25.183
371.443,416.128,330.895,558.265,432.695,420.769,376.074,493.879,344.708,416.095,22.909
382.396,462.106,332.753,560.828,405.700,409.473,428.141,504.729,365.821,427.994,22.375
377.570,448.417,348.623,541.305,433.005,406.419,403.687,493.720,341.038,421.532,20.693
364.443,425.038,335.759,615.192,408.448,414.247,410.117,472.631,337.349,420.358,26.799
391.993,458.243,339.870,568.583,421.995,409.858,412.086,501.350,340.840,427.202,23.129
388.517,459.515,326.586,553.192,420.310,413.153,414.000,480.168,367.358,424.756,20.873
367.530,426.489,315.593,580.695,419.295,396.513,411.982,514.495,350.509,420.345,25.794
337.087,442.111,337.809,548.477,419.910,411.922,406.920,502.944,349.453,417.404,22.949
362.201,435.379,349.130,586.490,418.610,412.151,391.969,487.005,341.840,420.530,24.283
394.074,441.409,334.321,577.636,433.881,395.812,402.767,543.636,338.340,429.097,26.201
383.148,434.009,322.765,600.682,401.110,419.535,408.767,541.808,374.066,431.766,27.180
352.356,444.460,329.117,543.748,411.024,409.750,399.362,518.589,373.830,420.248,22.556
396.752,456.145,340.309,569.781,434.905,415.277,428.025,538.341,381.057,440.066,22.997
379.342,434.655,341.988,555.060,445.719,430.282,421.632,524.266,350.519,431.496,22.628
344.329,430.026,326.414,535.775,398.814,389.524,371.227,498.519,347.868,404.722,22.502
367.705,447.077,338.481,576.099,424.990,419.435,391.571,526.542,323.604,423.945,26.251
392.047,442.847,323.272,551.424,413.900,429.196,394.411,507.547,349.632,422.697,22.569
377.362,455.417,340.698,560.126,428.281,420.863,396.380,500.967,365.934,427.336,21.835
378.846,437.626,352.568,551.185,418.081,414.003,401.687,502.579,336.613,421.465,21.628
388.805,445.877,324.759,568.179,411.624,400.406,422.221,481.103,331.264,419.360,23.500
366.490,429.464,329.660,532.596,380.467,402.763,398.736,487.523,361.547,409.916,20.235
359.188,428.566,323.247,545.947,406.719,390.583,387.515,484.533,337.000,407.033,22.397
392.839,454.409,348.580,557.159,438.910,418.965,424.276,529.486,328.962,432.621,23.584
384.537,445.213,340.778,545.470,401.600,412.930,414.933,501.472,320.623,418.617,22.450
372.423,450.085,339.340,557.881,421.086,402.761,374.086,506.991,334.632,417.698,23.805
366.772,461.383,350.691,555.384,425.419,424.320,388.221,497.799,346.274,424.029,22.244
367.040,437.626,341.093,564.437,426.662,395.237,408.564,501.098,340.792,420.283,23.265
379.846,446.174,334.284,542.596,407.795,424.852,395.417,489.009,364.972,420.550,20.257
384.765,451.191,326.691,539.344,405.148,407.599,417.687,479.079,367.113,419.847,19.824
386.879,460.485,342.006,540.033,419.795,411.293,391.632,466.411,357.906,419.605,19.282
381.785,449.200,340.796,564.232,399.676,421.349,389.675,482.734,329.566,417.668,22.984
368.161,441.251,333.148,536.616,411.371,403.879,383.393,479.636,339.160,410.735,20.868
358.859,433.609,336.056,537.689,423.543,394.387,379.104,469.280,357.453,409.998,20.062
368.644,451.655,343.870,555.119,408.852,391.659,419.399,464.252,372.472,419.547,20.134
348.027,414.421,322.019,533.205,393.624,399.301,391.945,460.495,359.925,402.551,19.891
362.315,452.783,328.148,559.026,406.800,413.753,370.252,461.187,337.075,410.149,22.921
370.174,450.804,311.716,525.808,412.719,397.989,383.558,473.930,346.566,408.141,20.862
393.020,445.847,313.031,552.768,406.014,408.935,390.902,475.612,324.642,412.308,23.116
369.765,431.226,338.617,517.801,422.590,392.548,393.178,486.416,336.123,409.807,19.509
366.141,435.455,346.117,541.967,406.876,399.995,386.104,468.327,329.066,408.894,20.695
372.235,448.379,319.099,558.185,431.900,405.788,387.945,487.360,336.462,416.372,23.605
378.503,455.489,333.562,588.874,409.290,406.995,420.442,509.570,336.142,426.541,25.802
371.866,439.200,333.728,537.834,424.719,402.938,410.307,496.603,327.528,416.080,21.859
384.510,428.494,351.907,529.450,413.376,398.487,395.920,521.402,342.179,418.414,20.891
368.470,451.962,326.469,540.510,429.048,401.925,416.840,534.173,338.566,423.107,24.075
368.517,432.838,330.049,548.364,421.829,406.183,411.012,537.252,351.509,423.062,23.834
353.154,458.719,328.444,541.351,408.514,395.046,411.687,514.388,360.528,419.092,22.863
360.966,436.247,336.698,558.656,419.852,396.957,403.049,502.449,348.368,418.138,22.941
359.913,430.511,333.111,531.828,377.819,407.599,408.018,534.042,330.925,412.641,23.910
356.792,428.996,347.420,516.589,413.743,405.032,405.742,537.612,348.443,417.819,21.674
410.309,440.804,335.765,529.205,426.143,402.110,411.798,515.902,309.717,420.195,22.589
362.483,443.319,333.969,572.861,422.567,393.234,390.730,512.808,336.887,418.762,25.266
349.362,433.336,323.167,518.238,403.071,391.062,411.466,505.682,329.160,407.172,22.084
363.383,425.149,327.852,522.536,416.600,396.890,383.429,483.435,336.208,406.165,20.319
360.973,437.281,346.222,559.669,412.790,409.513,403.184,509.855,324.821,418.257,23.904
380.570,427.017,311.130,561.722,403.857,407.524,386.239,478.126,328.349,409.393,23.795
371.060,439.413,346.846,536.437,405.895,396.546,408.067,484.140,334.264,413.630,20.389
353.121,428.502,307.241,524.192,400.029,393.352,367.791,469.332,334.358,397.546,21.425
376.389,445.728,342.062,550.099,411.348,415.016,398.883,484.794,322.651,416.330,22.129
370.456,435.111,321.556,545.954,422.010,395.828,409.693,480.206,324.915,411.748,22.494
367.396,431.370,329.704,527.497,413.795,412.309,388.828,463.411,310.264,404.953,20.954
378.765,462.566,337.481,502.616,428.462,409.723,392.926,486.112,307.868,411.836,20.609
391.866,433.528,352.660,509.682,425.514,412.699,387.816,476.771,347.075,415.290,16.856
372.530,437.238,342.494,568.887,412.414,409.914,384.883,464.921,343.236,415.169,22.172
371.537,435.728,325.105,536.768,429.933,396.320,395.945,475.995,328.123,410.606,21.447
382.362,446.843,341.463,530.126,413.233,412.718,386.558,470.944,346.198,414.494,19.058
388.228,422.796,338.914,528.192,395.090,390.954,374.337,473.257,373.623,409.488,18.203
373.658,433.774,338.679,554.728,419.481,406.215,419.209,470.668,388.840,422.806,19.487
373.416,441.668,307.852,558.371,397.338,398.516,403.926,476.579,372.358,414.447,22.441
381.389,439.451,340.852,530.126,426.343,407.078,400.644,484.028,373.462,420.375,18.294
377.772,446.404,337.123,515.013,427.100,388.737,383.853,478.794,363.425,413.136,18.239
383.503,435.136,341.179,525.159,388.710,392.734,396.301,466.776,352.557,409.117,18.185
355.826,418.630,319.753,533.702,428.119,409.632,385.110,469.897,364.226,409.433,20.210
385.409,439.004,326.123,526.331,383.100,409.688,389.417,472.617,349.349,409.004,19.485
381.456,442.596,326.920,566.616,427.990,391.745,384.472,462.201,340.538,413.837,22.780
386.799,435.872,326.056,527.126,404.610,408.013,410.626,464.846,346.283,412.248,18.931
358.040,440.834,339.969,535.887,426.081,392.258,373.681,499.187,326.028,410.218,22.580
343.564,432.596,335.679,524.298,423.205,404.280,418.706,514.879,306.566,411.530,23.693
373.919,433.017,329.037,548.543,415.976,404.503,401.706,520.860,366.123,421.520,22.426
384.081,441.362,326.660,517.026,422.614,404.944,384.840,519.972,324.104,413.956,22.279
353.336,426.477,324.809,548.046,404.557,405.220,386.693,510.935,344.774,411.650,23.520
354.161,415.728,334.512,535.523,400.167,414.398,377.485,562.491,332.991,414.162,26.012
345.148,423.826,337.222,538.570,412.771,412.159,418.834,501.771,319.736,412.226,22.997
371.685,431.204,319.259,513.278,405.552,419.672,381.920,497.799,316.160,406.281,21.691
367.530,421.936,321.556,526.861,421.586,397.586,378.497,520.477,314.509,407.838,23.827
370.101,434.247,344.228,545.914,403.929,389.710,397.534,488.079,308.830,409.175,22.746
364.530,430.868,321.531,546.801,430.176,397.653,382.012,475.388,340.981,409.993,22.062
368.282,431.553,330.667,532.377,406.310,400.731,416.135,504.986,342.142,414.798,21.382
361.779,433.323,309.944,554.854,419.843,402.043,415.411,493.593,344.840,415.070,23.585
387.013,459.179,334.870,541.576,416.062,395.124,399.049,516.014,354.802,422.632,21.980
359.201,414.064,340.994,511.722,405.710,397.062,399.706,452.383,347.009,403.094,16.972
354.289,427.255,332.747,528.119,402.657,380.148,386.748,489.766,327.358,403.232,21.542
361.221,408.651,323.667,539.318,403.895,394.022,385.110,458.201,342.642,401.859,20.407
367.799,411.315,314.235,532.007,401.690,389.427,374.294,474.631,362.226,403.069,20.377
363.980,428.128,327.759,523.272,402.829,386.720,366.718,454.397,347.604,400.156,19.084
368.745,436.174,315.673,547.331,409.300,409.508,408.393,470.776,391.840,417.527,20.386
368.557,447.672,313.407,502.623,406.838,409.446,389.411,485.379,371.585,410.546,18.802
373.168,454.260,324.512,543.351,404.700,406.513,412.209,470.262,388.528,419.723,19.781
354.094,424.523,324.352,566.616,396.657,406.613,400.485,450.140,374.538,410.891,21.757
348.396,430.043,336.500,510.503,406.110,384.930,374.080,453.327,341.660,398.394,18.247
358.503,428.877,324.821,517.848,385.876,389.858,390.423,481.944,340.198,402.039,20.106
356.275,433.677,326.370,507.722,423.629,394.989,393.264,482.285,342.047,406.695,19.381
376.993,425.264,333.537,540.430,430.471,403.556,391.847,494.780,349.594,416.275,20.921
386.866,435.813,329.735,547.854,421.543,403.922,405.699,479.416,336.123,416.330,21.301
353.805,429.996,332.821,504.185,417.610,402.672,380.755,516.692,328.538,407.453,21.463
349.899,414.187,322.444,525.563,425.138,392.089,374.380,515.879,345.887,407.274,22.696
363.282,440.226,339.864,569.311,420.224,396.449,392.417,523.047,334.038,419.873,25.256
359.034,409.366,325.290,567.444,398.638,385.957,412.791,488.411,345.292,410.247,23.730
377.262,426.634,349.512,551.185,410.729,389.546,360.209,500.355,322.377,409.757,23.222
361.698,413.506,332.796,538.603,398.057,393.129,406.699,509.234,332.585,409.590,22.532
351.383,429.660,340.136,545.199,437.190,397.780,395.994,508.776,369.151,419.474,21.854
328.658,431.868,302.549,520.881,427.829,397.573,372.233,496.439,349.396,403.047,23.186
368.725,436.609,331.944,551.325,423.395,409.280,383.896,503.827,345.009,417.112,22.747
362.054,425.272,324.469,517.550,406.652,399.890,385.571,502.533,377.906,411.322,19.783
348.846,408.562,326.846,537.126,442.300,406.866,393.638,517.584,395.575,419.705,21.963
361.403,419.719,328.148,542.993,431.552,392.269,387.577,482.121,359.387,411.686,21.042
390.946,429.945,340.759,526.609,447.624,409.046,414.227,499.850,358.198,424.134,19.099
346.859,407.123,322.228,514.457,429.214,396.511,381.681,457.089,341.066,399.581,19.231
366.336,431.864,341.790,553.583,433.019,394.659,379.644,490.832,348.349,415.564,22.054
364.020,428.345,320.642,525.444,420.981,398.245,376.748,486.322,351.783,408.059,20.580
364.966,448.809,330.093,525.364,428.910,398.194,378.939,491.079,325.292,410.183,21.784
374.617,443.170,322.438,550.007,412.186,404.731,398.951,471.257,337.745,412.789,21.852
361.886,449.570,322.235,517.245,395.438,408.798,397.626,476.005,319.528,405.370,21.023
357.933,398.366,330.821,543.596,408.143,393.013,402.104,476.584,346.708,406.363,20.976
384.792,414.617,333.358,508.570,405.676,393.570,406.644,482.897,340.528,407.850,18.137
356.477,450.034,315.290,510.795,400.348,394.960,373.294,465.173,329.896,399.585,20.412
353.376,424.630,340.500,530.616,418.100,417.608,382.160,457.850,337.802,406.960,19.600
372.980,419.021,314.901,546.821,414.767,419.175,389.160,504.439,309.189,410.050,24.555
351.732,427.791,351.074,560.921,410.700,396.016,397.319,489.561,304.708,409.980,24.276
377.282,429.094,327.302,543.715,414.781,396.530,395.926,484.164,331.217,411.112,21.731
357.832,430.226,348.704,539.046,408.671,393.997,382.951,473.173,327.198,406.866,20.873
359.926,453.809,327.136,539.815,397.862,410.460,373.902,497.874,342.019,411.422,22.749
357.852,430.038,328.494,542.046,462.919,393.677,394.675,528.126,317.189,417.224,25.483
378.141,429.387,332.259,534.901,412.648,419.245,387.583,569.472,327.528,421.240,25.993
376.060,432.187,349.327,534.907,425.800,414.909,388.988,544.028,304.500,418.967,24.848
351.799,422.077,348.549,555.377,413.686,415.046,402.810,580.692,348.057,426.455,27.005
358.302,415.043,347.673,546.060,411.995,407.417,394.012,536.794,338.547,417.316,23.847
354.691,426.021,346.611,551.623,437.062,434.823,386.810,533.089,307.962,419.855,25.812
352.966,439.336,356.383,532.152,402.795,437.070,385.092,501.271,322.387,414.384,21.984
392.389,438.302,350.062,535.656,414.786,485.616,384.840,506.794,327.953,426.266,22.384
352.403,416.030,333.364,500.007,396.014,458.575,367.712,489.117,341.792,406.113,20.015
353.926,419.987,332.852,511.490,404.271,497.151,398.221,456.799,299.962,408.295,22.645
371.772,444.953,337.759,503.046,401.338,520.046,403.546,485.593,315.509,420.396,22.894
368.832,413.557,322.932,534.464,430.690,505.640,386.687,484.028,324.142,418.997,24.094
377.940,434.723,346.512,532.325,424.300,544.110,412.436,513.449,306.566,432.484,26.218
367.664,420.906,325.451,528.662,399.567,563.543,432.049,478.266,344.009,428.902,25.606
369.799,422.872,345.346,566.821,406.186,558.820,388.957,462.930,321.340,427.008,27.492
353.846,439.970,336.926,496.901,408.457,518.933,371.761,463.285,293.906,409.332,23.982
367.255,420.753,320.259,505.623,420.133,520.591,412.982,482.047,323.783,419.270,23.129
380.490,435.566,328.111,543.623,410.824,556.315,396.319,490.808,321.538,429.288,26.917
354.295,427.017,313.012,521.185,392.200,493.425,398.785,495.042,326.075,413.449,24.020
373.020,428.145,320.525,527.570,406.557,492.621,388.399,470.033,324.915,414.643,22.629
361.168,439.034,321.012,540.113,427.305,490.280,439.202,491.645,329.038,426.533,23.943
382.651,426.502,324.481,523.497,406.171,467.815,406.969,483.061,335.887,417.448,20.761
377.799,425.396,309.296,508.954,433.752,451.328,423.902,524.640,325.415,420.054,23.056
378.557,438.600,335.648,538.053,434.495,450.586,406.847,526.612,337.377,427.420,22.807
358.483,421.791,340.519,498.126,409.729,424.406,409.018,514.360,342.160,413.177,19.562
368.638,422.294,331.105,506.172,405.729,431.753,392.503,558.981,323.774,415.661,24.210
361.349,435.089,318.142,551.887,422.076,430.820,403.877,561.238,324.613,423.233,27.391
370.188,428.489,332.802,530.987,405.605,414.849,406.546,539.453,320.660,416.620,24.069
353.027,416.877,334.827,518.298,382.357,401.452,383.791,505.285,329.953,402.874,21.438
349.114,428.170,332.691,551.709,400.681,426.048,393.840,527.402,346.047,417.300,24.367
381.980,426.617,324.265,526.728,403.924,422.624,374.853,495.229,306.717,406.993,22.586
355.752,421.498,325.173,543.000,405.148,415.185,407.644,503.696,306.821,409.324,24.200
382.792,443.353,328.914,497.636,406.295,409.978,365.098,482.855,309.264,402.910,20.227
361.705,447.379,335.611,542.020,402.414,401.374,386.129,483.318,323.009,409.218,22.314
385.383,419.417,325.111,515.570,394.133,407.419,394.117,487.187,309.783,404.235,20.864
372.926,394.030,342.722,521.861,394.648,404.145,363.779,457.645,296.726,394.276,20.473
375.081,429.953,324.704,498.656,436.248,382.909,369.448,473.304,311.104,400.156,20.103
375.329,435.817,325.481,573.291,423.010,412.707,384.485,493.159,323.453,416.304,24.982
366.490,459.591,342.210,504.715,388.429,402.820,379.393,483.537,345.028,408.024,18.911
365.893,441.204,353.080,526.669,392.348,384.142,386.828,501.397,327.255,408.757,21.220
389.953,439.353,337.901,522.801,412.167,401.245,384.092,476.243,333.434,410.799,19.304
378.611,437.523,334.827,522.854,398.914,410.449,382.135,501.075,330.358,410.750,20.983
386.114,451.570,326.019,509.272,405.324,399.371,391.804,487.547,347.642,411.629,19.100
379.624,481.915,343.105,523.755,416.405,402.051,386.221,502.953,304.764,415.644,23.203
360.497,479.243,347.611,541.616,395.471,393.387,378.620,515.888,344.972,417.478,23.536
360.544,471.345,319.963,529.470,384.786,379.793,381.497,499.463,331.689,406.505,23.564
351.705,469.345,321.037,521.755,410.814,380.446,375.215,539.009,309.858,408.798,26.309
365.591,452.753,315.741,545.258,444.486,406.403,366.957,580.047,324.745,422.442,29.150
365.906,443.132,331.512,527.768,433.748,378.387,384.693,564.201,324.123,417.052,26.289
382.282,445.119,335.315,565.212,418.719,396.570,417.215,561.089,327.028,427.617,26.965
371.336,453.872,331.006,553.722,400.971,404.126,411.135,543.224,334.123,422.613,25.461
357.201,457.298,345.407,514.503,424.133,398.169,372.356,523.790,330.774,413.737,22.491
356.027,426.787,335.340,551.682,407.714,396.591,383.730,478.523,328.764,407.240,22.483
380.416,406.187,325.907,517.278,416.162,397.895,381.006,490.107,334.387,405.483,20.014
373.725,445.677,334.994,517.874,439.276,400.570,404.374,511.607,341.415,418.835,20.833
370.678,425.021,333.735,516.066,405.310,421.153,408.301,472.500,336.887,409.961,18.672
383.094,436.796,325.704,513.106,425.271,391.707,402.540,494.037,323.868,410.680,20.572
359.034,419.711,319.179,522.205,418.271,405.242,399.540,474.014,320.000,404.133,20.970
378.228,432.396,331.364,530.450,411.314,399.261,412.313,497.790,318.934,412.450,21.737
355.658,424.736,315.833,530.291,391.648,393.591,384.215,476.248,314.594,398.535,22.246
353.940,429.472,331.333,511.669,411.676,409.801,399.245,509.131,305.283,406.839,22.462
371.913,442.349,328.340,531.523,425.267,397.841,401.098,501.757,319.623,413.301,22.466
398.584,439.072,352.302,499.550,410.195,400.669,433.233,515.421,326.368,419.488,19.324
379.309,436.170,324.451,490.656,420.448,394.930,391.791,510.136,317.245,407.237,20.692
363.617,414.230,316.759,541.325,415.181,399.895,389.865,594.972,347.245,420.343,28.509
354.483,437.396,351.093,533.046,439.595,397.202,373.988,541.248,321.538,416.621,24.705
374.691,465.311,353.586,594.834,446.748,384.422,404.012,567.467,346.594,437.518,28.479
373.020,425.009,325.056,573.702,437.557,397.538,389.307,554.771,338.717,423.853,27.501
349.047,422.166,314.988,575.927,418.486,393.527,391.558,521.028,324.991,412.413,27.354
361.638,408.323,348.025,583.788,423.719,385.793,382.607,508.949,335.349,415.355,25.583
369.584,442.468,350.593,577.921,425.748,402.605,396.037,489.659,320.509,419.458,24.460
380.966,455.630,337.673,577.907,412.776,392.642,391.988,502.528,329.689,420.200,25.107
358.242,429.132,326.130,551.576,410.429,410.720,402.282,494.252,322.689,411.717,23.538
354.074,416.294,355.284,570.046,394.414,406.946,399.485,470.463,326.132,410.349,22.994
376.148,415.123,302.272,497.159,425.305,405.460,376.417,456.561,332.547,398.555,18.838
357.638,445.532,338.364,544.146,402.681,394.118,403.086,502.860,328.009,412.937,22.974
371.013,427.702,335.512,542.709,408.695,417.734,379.589,506.687,306.594,410.693,23.835
342.315,423.145,325.080,501.887,406.633,393.288,377.110,461.481,334.981,396.214,18.708
368.081,423.894,308.401,504.914,388.390,401.476,375.840,487.294,309.038,396.370,21.512
378.007,414.034,330.463,520.669,417.795,461.820,376.724,501.154,316.783,413.050,22.328
354.443,426.170,360.562,507.225,416.729,518.927,400.552,499.084,321.189,422.765,22.663
386.980,435.111,321.278,523.377,413.433,551.616,384.926,476.000,312.764,422.832,26.037
355.396,429.668,327.747,513.762,400.886,547.911,380.313,491.411,314.642,417.971,26.302
364.268,436.281,331.198,557.417,400.376,530.745,397.129,485.883,306.840,423.349,27.298
387.242,419.196,333.123,538.252,422.610,537.634,375.503,518.841,311.660,427.118,27.098
333.081,424.217,330.512,512.066,422.157,525.140,376.982,509.598,319.245,417.000,26.073
367.993,419.638,342.142,523.391,418.957,549.194,397.098,529.023,323.557,430.110,26.514
356.416,434.830,351.864,525.338,408.957,513.513,398.153,561.178,311.943,429.133,27.262
388.289,409.489,350.957,509.331,414.852,514.723,404.239,575.486,315.283,431.406,26.546
372.617,414.038,344.790,524.066,416.248,489.796,425.779,551.215,332.877,430.159,24.233
358.349,397.413,321.049,473.543,401.867,489.755,404.147,526.724,318.283,410.126,23.114
379.060,448.213,325.093,507.570,384.357,500.446,395.828,509.093,322.953,419.179,23.524
359.208,424.345,324.235,523.285,393.519,484.812,406.018,510.159,340.915,418.499,23.044
357.550,414.617,330.846,502.715,404.595,477.954,414.509,488.126,368.594,417.723,19.111
371.872,407.613,347.735,501.179,397.176,470.035,433.117,503.995,346.330,419.895,19.232
354.101,399.766,335.284,525.272,422.486,436.562,411.650,484.808,397.094,418.558,18.615
389.309,413.017,333.506,537.854,414.548,431.782,441.031,491.790,445.868,433.189,18.335
373.470,422.162,326.370,509.550,402.714,417.218,485.117,468.907,500.255,433.973,19.429
350.658,420.719,345.154,498.219,409.848,407.172,523.166,501.117,536.906,443.662,22.946
372.034,425.200,341.556,524.179,414.424,423.917,547.221,488.617,454.755,443.545,21.226
371.208,420.498,343.870,520.755,402.229,398.540,554.233,487.257,453.208,439.089,22.074
375.242,434.864,340.043,528.371,409.248,405.772,539.681,514.070,481.821,447.679,22.438
340.611,416.149,319.469,531.523,415.043,392.954,532.963,496.921,449.528,432.796,24.265
361.899,424.370,318.728,523.113,421.324,422.634,518.160,518.369,425.651,437.139,22.496
343.819,416.821,361.543,544.649,403.110,381.772,471.699,526.042,446.396,432.872,22.121
368.094,407.855,347.889,509.742,399.376,392.879,456.215,525.935,428.792,426.309,19.087
359.631,406.064,324.778,536.868,409.443,395.263,428.957,542.393,394.425,421.980,23.031
372.074,438.277,338.895,510.126,426.886,401.820,433.816,550.056,373.396,427.261,21.231
372.799,421.268,336.673,508.477,419.705,411.366,402.761,566.813,347.443,420.812,23.356
377.698,420.528,321.370,544.258,440.076,394.847,412.331,565.140,371.028,427.475,25.096
369.926,434.647,341.642,513.060,403.890,420.747,387.080,518.187,354.028,415.912,20.095
365.671,438.030,311.698,489.470,398.962,394.304,395.577,497.631,344.877,404.024,19.533
363.523,441.698,323.957,499.722,419.376,402.113,400.724,477.014,346.104,408.248,18.392
347.826,427.711,325.815,515.589,398.419,396.376,414.368,485.897,356.981,407.665,19.650
363.181,438.626,319.420,528.974,420.333,405.091,377.153,499.299,354.160,411.804,21.558
367.047,425.060,330.500,501.801,405.648,386.543,380.049,484.893,296.660,397.578,20.891
362.732,410.783,324.333,518.172,413.667,412.266,382.074,461.472,320.896,400.711,19.841
372.698,428.932,332.944,498.815,422.319,414.422,399.779,473.084,317.877,406.763,18.666
371.443,422.357,338.519,525.788,417.376,399.930,362.712,488.379,331.972,406.497,20.688
396.315,397.613,340.704,510.020,397.876,387.011,410.067,484.201,341.349,407.240,17.907
356.134,417.498,314.802,518.205,421.714,391.116,365.110,461.472,303.679,394.415,21.661
360.839,413.179,320.080,509.808,401.867,383.161,369.460,484.621,312.868,395.098,21.055
371.423,435.596,337.296,507.457,403.224,397.884,404.466,465.168,348.160,407.853,17.205
352.980,425.664,333.673,480.358,405.119,381.376,358.982,479.673,337.877,395.078,17.837
366.128,439.455,345.160,518.106,425.938,406.460,386.515,510.991,321.462,413.357,21.499
353.034,416.643,319.944,507.960,408.919,407.516,380.166,505.972,337.104,404.140,21.114
354.013,437.302,333.710,505.318,405.343,408.616,371.994,518.603,328.519,407.046,21.832
378.879,416.957,343.204,497.642,402.786,402.586,368.607,530.846,330.962,408.052,21.022
393.047,443.643,354.031,532.477,415.333,392.005,408.227,594.136,326.726,428.847,26.655
398.255,432.677,325.796,530.298,413.033,406.938,378.123,580.220,313.047,419.821,27.387
354.638,422.945,329.988,507.722,407.200,389.868,402.012,541.271,325.962,409.067,23.293
372.141,428.170,314.062,540.497,399.300,390.253,415.767,538.636,299.792,410.957,26.578
361.631,421.694,350.932,505.026,406.624,405.161,387.423,512.121,316.349,407.440,20.692
376.248,418.340,332.235,510.974,408.519,410.169,390.067,494.958,322.509,407.113,20.077
368.879,416.936,341.852,523.470,404.414,402.530,379.853,490.290,317.330,405.062,20.808
358.396,408.026,333.130,517.126,409.386,412.360,382.202,472.397,329.302,402.480,19.477
366.725,425.238,326.673,497.954,392.543,402.315,380.994,477.313,325.349,399.456,18.819
352.638,432.166,314.389,512.517,411.729,379.234,381.037,486.799,314.925,398.381,21.927
379.584,429.391,334.216,533.318,400.071,415.761,386.479,489.542,341.717,412.231,20.452
371.275,438.468,309.031,532.887,408.357,418.685,388.552,475.715,340.906,409.320,21.440
371.745,425.157,330.667,521.305,424.329,411.710,363.221,494.673,324.066,407.430,21.450
382.913,425.940,324.704,533.430,411.552,399.852,390.117,498.000,318.340,409.428,22.262
353.181,426.945,346.358,509.146,393.667,402.758,390.258,519.631,330.264,408.023,21.212
350.443,420.370,331.765,527.238,415.790,404.753,375.061,548.519,362.311,415.139,23.837
357.893,403.451,331.340,503.901,410.981,394.220,387.245,557.285,314.094,406.712,24.677
373.866,422.996,330.160,547.530,431.895,409.863,380.466,540.790,332.283,418.872,24.982
346.691,427.383,319.191,530.881,416.614,391.151,400.086,505.220,316.943,406.018,23.635
361.423,421.430,322.352,545.371,416.338,399.099,366.313,529.659,305.443,407.492,26.237
348.362,429.043,318.512,506.331,431.157,395.753,376.460,548.939,306.302,406.762,25.712
367.315,426.664,337.926,513.887,403.819,396.599,373.785,523.023,348.000,410.113,21.150
360.698,418.132,335.988,513.483,387.862,406.798,401.117,514.299,317.340,406.191,21.829
344.946,423.604,342.895,513.649,420.186,423.841,397.755,507.575,322.594,410.783,21.449
343.691,392.647,333.858,503.298,404.181,397.753,372.252,477.093,311.981,392.973,19.972
372.631,424.136,328.914,522.371,412.748,413.750,386.791,492.070,335.425,409.871,20.384
360.604,414.306,334.160,528.000,411.857,386.887,387.920,479.813,325.509,403.229,20.715
372.228,429.162,338.136,518.066,406.124,401.879,409.951,497.220,321.934,410.522,20.511
370.154,394.485,342.290,520.656,422.257,421.454,372.061,503.037,324.283,407.853,21.181
352.107,424.681,333.062,527.795,386.557,386.884,399.031,502.748,340.094,405.884,21.632
366.966,396.072,351.648,528.583,417.243,400.892,395.791,510.654,324.519,410.263,21.456
372.846,401.749,344.253,506.894,413.929,388.137,383.215,552.065,323.925,409.668,23.297
362.483,416.243,306.802,526.450,411.748,411.901,380.945,530.486,292.613,404.408,26.146
350.617,430.902,339.117,501.139,421.695,390.113,376.601,531.645,347.236,409.896,21.568
355.295,428.583,323.086,533.914,416.310,404.212,365.000,530.187,317.302,408.210,25.179
