0001-0150-0218,0001-0081-0091,0001-0173-0157,0001-0145-0133,0001-0153-0130,0002-0119-0167,0002-0192-0036,Average,Err
669.871,728.087,369.994,402.938,329.124,391.869,522.812,487.813,54.879
669.300,746.420,349.800,386.613,358.944,381.506,501.079,484.809,56.627
681.425,743.761,370.669,365.275,323.865,388.056,505.762,482.688,58.676
668.597,708.667,351.475,421.663,322.596,367.481,485.931,475.201,54.415
676.045,713.377,365.988,383.625,320.573,361.094,506.465,475.309,56.295
676.401,755.978,353.319,403.925,341.011,374.456,525.406,490.071,58.621
674.596,733.783,367.269,389.100,318.517,374.506,543.465,485.891,57.894
683.788,726.790,369.681,405.938,329.079,381.581,500.129,485.284,55.836
661.209,671.022,358.506,407.913,325.281,375.131,502.376,471.634,50.352
678.620,728.326,368.144,402.788,325.955,358.600,478.822,477.322,56.786
674.056,704.978,368.075,400.650,327.708,368.719,499.762,477.707,54.027
668.898,698.130,376.887,394.038,311.022,370.850,487.545,472.481,53.721
681.743,716.920,360.625,417.488,350.876,367.456,460.396,479.358,54.344
680.932,690.500,361.137,376.800,336.090,379.275,503.079,475.402,53.586
674.922,725.812,367.837,382.675,336.742,384.525,481.188,479.100,55.348
674.473,699.326,372.931,389.488,348.303,369.856,507.683,480.294,52.648
680.064,710.551,350.031,396.650,328.989,375.206,511.158,478.950,55.653
686.535,725.754,352.206,388.812,315.056,370.456,519.812,479.805,58.639
689.817,732.471,354.012,374.238,314.191,384.494,504.950,479.168,59.256
679.201,722.667,379.712,404.363,325.157,377.500,514.832,486.204,55.286
675.933,747.710,373.087,399.625,339.315,387.988,494.703,488.337,56.413
681.965,719.486,360.419,376.988,349.157,391.494,526.089,486.514,55.298
675.832,739.913,372.906,382.550,339.888,367.350,492.990,481.633,57.025
673.692,717.159,353.344,406.688,320.584,375.087,499.178,477.962,55.684
678.995,722.812,383.219,364.250,355.180,366.712,456.564,475.390,55.353
684.045,699.710,371.475,407.725,310.809,371.569,470.386,473.674,54.791
684.388,684.841,384.469,405.637,353.247,370.462,488.416,481.637,50.811
673.209,732.413,365.300,395.163,329.764,373.456,502.020,481.618,56.385
684.691,720.522,360.175,379.825,318.517,376.475,501.634,477.405,57.385
689.601,725.848,368.350,356.525,341.180,372.231,482.861,476.657,57.659
678.315,706.855,356.056,396.575,331.382,357.863,515.505,477.507,55.574
678.519,767.949,374.550,422.337,320.427,393.913,511.545,495.606,58.717
683.894,755.652,351.781,358.613,317.056,378.475,488.248,476.246,61.538
671.350,726.486,344.387,390.462,338.775,378.387,494.297,477.735,56.100
682.290,744.014,378.256,394.312,329.899,364.131,515.307,486.887,58.062
687.954,727.109,367.269,391.163,322.685,379.494,495.525,481.600,57.139
681.609,734.413,377.306,400.913,343.337,383.262,491.861,487.529,55.319
683.454,740.928,356.456,377.675,340.416,373.781,496.861,481.367,58.248
688.247,738.362,389.094,412.325,337.607,383.094,480.267,489.857,55.687
685.048,732.833,373.319,386.113,343.820,367.400,504.911,484.778,56.758
692.617,715.725,371.306,389.812,322.169,380.769,488.188,480.084,56.342
692.563,726.268,373.669,404.775,342.449,371.200,493.347,486.324,55.961
667.694,742.319,378.169,391.825,348.775,373.706,515.198,488.241,55.598
696.822,721.630,379.244,388.913,337.270,387.869,522.911,490.665,56.016
703.746,700.217,369.300,409.962,354.652,357.288,523.198,488.338,54.934
683.218,713.232,381.350,389.900,331.944,386.706,511.881,485.462,54.394
678.553,698.319,377.106,386.212,361.101,385.800,499.594,483.812,51.461
699.906,719.652,371.975,381.750,331.124,373.075,509.663,483.878,57.408
690.750,789.174,371.894,397.488,335.753,372.331,514.495,495.983,62.319
671.619,771.768,369.962,397.950,329.674,368.175,529.515,491.238,60.163
691.163,734.775,371.900,398.413,349.337,386.781,448.762,483.019,56.155
693.095,757.341,376.712,392.087,331.629,381.306,475.812,486.855,59.276
691.976,718.457,367.400,395.725,332.618,372.775,511.228,484.311,56.359
692.942,712.558,375.275,397.800,345.944,361.281,498.495,483.471,55.231
698.824,723.377,382.431,379.238,331.090,395.681,521.109,490.250,56.610
702.861,756.819,375.300,380.163,348.079,384.781,520.881,495.555,59.534
680.156,720.899,362.100,379.825,332.157,374.625,472.089,474.550,56.215
682.113,731.739,360.137,378.175,333.640,377.800,473.723,476.761,57.284
696.986,740.370,383.356,396.275,339.494,380.137,501.168,491.112,57.236
690.547,723.080,381.569,369.125,363.742,390.012,493.030,487.301,54.737
691.340,760.297,384.206,372.288,389.112,373.875,488.554,494.239,57.532
687.012,782.435,378.094,382.637,338.730,383.694,529.762,497.481,61.238
690.046,742.036,378.781,373.050,334.191,381.031,503.554,486.099,58.172
696.217,734.935,361.750,403.750,332.337,389.750,493.594,487.476,57.371
695.236,762.471,378.250,390.212,337.551,389.812,436.406,484.277,59.715
671.497,739.217,369.962,393.475,341.966,367.500,480.752,480.624,56.273
689.825,708.007,368.669,394.975,325.494,387.425,488.564,480.423,54.986
692.599,722.775,375.106,392.625,351.180,374.944,520.446,489.954,55.577
691.436,719.964,377.538,369.012,352.697,364.500,510.495,483.663,56.331
688.020,725.739,382.044,390.738,342.326,394.981,500.059,489.130,54.814
693.166,722.116,377.906,386.000,357.910,371.663,513.931,488.956,55.430
693.281,765.319,404.637,391.212,349.393,366.719,508.228,496.970,58.751
690.190,737.688,383.931,388.562,328.978,408.419,502.119,491.412,56.367
691.066,693.609,369.875,390.025,347.809,372.906,530.554,485.121,53.779
692.949,711.159,372.356,380.850,349.888,392.444,535.267,490.702,54.781
686.869,743.087,388.856,379.775,333.562,384.881,535.891,493.274,57.631
683.516,731.036,371.981,371.587,320.584,373.850,519.208,481.680,58.215
688.280,749.957,379.250,430.675,336.933,380.375,461.594,489.580,56.952
694.888,738.290,366.725,417.750,345.045,381.344,431.347,482.198,57.121
684.781,734.391,370.194,380.300,339.562,398.831,461.881,481.420,56.292
683.305,765.906,386.762,396.462,369.551,384.475,496.683,497.592,56.817
693.012,748.036,369.906,406.300,339.090,373.175,504.851,490.624,58.181
678.613,718.616,358.387,401.925,332.382,388.369,488.941,481.033,54.871
682.467,756.210,389.631,403.925,328.483,369.456,511.822,491.713,58.286
685.514,724.391,371.206,394.725,334.472,375.131,522.564,486.858,56.194
696.309,729.225,387.381,414.100,323.011,373.056,516.495,491.368,56.844
695.298,741.833,387.519,394.075,339.404,382.231,478.059,488.346,57.087
702.808,736.688,361.744,390.712,334.045,385.481,497.139,486.945,58.499
692.400,709.261,368.637,404.450,349.000,379.025,497.089,485.695,54.061
690.029,719.159,379.956,390.137,364.640,369.625,446.297,479.978,54.589
706.126,748.986,363.775,398.500,336.056,400.019,461.485,487.849,59.017
696.526,745.188,375.913,386.337,346.685,372.644,507.446,490.106,58.231
705.177,754.297,382.856,388.863,332.202,395.644,480.277,491.331,59.204
689.991,755.884,367.169,397.387,339.079,361.900,539.406,492.974,59.919
701.980,762.341,385.044,398.600,331.753,370.363,524.089,496.310,60.392
704.424,767.312,388.500,406.762,323.775,355.531,507.624,493.418,61.620
705.503,728.899,373.050,386.750,344.225,377.594,507.634,489.093,57.506
710.079,728.804,358.406,372.562,319.831,382.456,518.891,484.433,60.223
687.078,739.014,370.525,389.175,337.258,371.056,499.743,484.836,57.618
695.698,733.486,383.044,378.500,339.978,381.675,551.327,494.815,57.731
677.992,730.428,361.969,363.575,323.112,369.994,515.059,477.447,58.432
685.180,679.326,377.306,354.387,302.079,356.312,516.762,467.336,56.304
687.106,736.543,352.562,345.688,322.640,374.550,518.158,476.750,60.651
693.730,730.486,346.281,356.038,305.697,352.369,486.941,467.363,61.821
677.792,717.957,350.944,350.125,306.483,360.663,448.376,458.906,59.161
688.421,729.362,326.806,327.200,308.506,324.369,439.743,449.201,64.055
691.029,691.848,321.975,333.525,310.303,329.419,486.614,452.102,60.929
683.798,717.913,315.956,338.300,300.247,326.594,527.871,458.668,63.900
688.674,704.022,300.225,322.675,308.393,303.706,498.842,446.648,64.507
664.425,683.072,307.069,358.188,310.562,305.762,555.386,454.923,60.667
659.424,623.174,305.331,352.538,319.618,310.275,560.495,447.265,55.871
661.605,615.464,313.900,353.663,310.124,314.212,519.109,441.154,53.869
657.901,621.920,324.087,346.913,310.854,298.894,540.416,442.998,55.197
660.599,628.681,320.750,377.688,315.933,319.119,534.624,451.056,53.542
666.948,629.609,326.306,376.400,323.584,324.850,536.554,454.893,53.263
644.955,612.130,326.275,376.150,303.449,327.556,512.663,443.311,50.536
669.983,632.464,348.669,320.675,276.573,333.381,529.455,444.457,56.866
660.255,653.297,344.319,282.175,267.494,312.581,507.376,432.500,60.307
666.729,657.652,345.762,300.163,261.146,317.944,469.832,431.318,59.670
663.291,668.928,337.831,304.875,260.775,309.625,498.000,434.761,61.155
640.137,707.841,333.000,279.812,266.416,299.000,495.673,431.697,64.132
632.796,684.812,317.319,276.125,261.427,293.519,530.703,428.100,63.822
635.510,625.217,285.913,291.500,266.438,281.137,522.960,415.525,59.996
632.913,589.290,280.944,289.938,269.337,290.281,548.129,414.404,58.199
627.747,541.036,264.581,314.312,277.472,281.594,533.752,405.785,54.235
639.647,561.746,268.587,340.725,284.326,277.031,530.535,414.657,55.035
638.079,556.239,276.531,318.163,287.843,286.363,521.050,412.038,53.864
635.531,557.623,283.387,309.700,300.764,293.469,535.228,416.529,53.384
645.671,518.986,281.131,319.075,298.124,293.012,514.891,410.127,51.408
639.256,520.703,282.625,308.913,302.000,293.231,463.693,401.489,49.266
630.195,526.123,283.944,323.625,293.247,293.081,470.762,402.997,48.649
619.243,570.645,300.594,331.525,290.629,312.850,488.624,416.301,48.929
608.825,603.819,303.938,324.738,283.213,302.506,489.545,416.655,51.362
607.997,609.638,314.562,302.800,275.674,316.337,534.366,423.054,53.595
617.818,617.645,320.944,300.488,262.135,318.825,516.436,422.041,54.720
611.653,627.884,316.219,275.337,253.640,312.419,527.881,417.862,57.588
624.054,619.457,323.106,280.000,258.169,324.694,532.178,423.094,56.820
634.053,682.609,342.125,267.163,266.876,337.062,556.950,440.977,62.304
612.627,668.797,340.881,288.363,255.551,343.550,501.752,430.217,57.398
605.782,685.746,321.856,272.137,257.854,353.075,480.624,425.296,59.054
571.484,679.297,347.319,276.512,256.685,335.431,465.109,418.834,55.678
579.551,713.638,359.806,286.012,271.079,346.944,486.762,434.828,57.798
586.552,735.094,342.369,275.938,259.528,362.262,489.198,435.849,61.598
582.681,712.297,379.350,285.200,264.169,360.294,510.257,442.035,57.909
591.930,699.935,366.394,323.850,285.753,377.331,539.683,454.982,54.519
583.623,734.239,352.544,309.475,287.809,369.363,505.376,448.918,57.810
587.812,694.036,353.094,325.125,279.944,366.613,506.812,444.776,53.916
582.308,720.920,355.056,322.225,309.562,358.906,551.396,457.196,56.095
582.747,707.812,351.469,365.238,303.719,351.250,453.178,445.059,51.897
599.806,712.949,363.137,344.137,311.157,362.781,414.693,444.095,53.112
579.061,702.804,327.863,334.550,316.730,390.219,448.050,442.754,51.465
596.656,731.283,290.137,338.500,354.708,393.300,475.584,454.310,55.593
602.029,734.906,269.325,347.275,309.079,372.869,480.772,445.179,59.603
593.401,698.022,265.613,346.887,302.427,374.425,489.099,438.553,56.209
591.443,715.601,258.663,353.613,331.135,366.119,489.723,443.757,56.950
573.415,746.580,265.044,381.925,323.528,375.856,512.228,454.082,58.429
548.476,717.130,267.325,374.050,333.562,379.194,483.792,443.361,53.376
549.780,717.058,262.469,382.875,331.640,379.438,481.822,443.583,53.579
569.412,753.399,257.381,370.788,341.753,386.525,535.802,459.294,59.280
580.528,732.877,272.706,376.663,341.101,380.956,474.139,451.281,55.524
595.587,782.928,260.688,387.925,338.449,397.175,427.327,455.725,61.817
587.066,742.297,271.975,382.538,329.472,395.925,436.119,449.342,56.804
600.931,698.507,266.613,382.900,328.843,364.681,475.980,445.494,54.429
591.908,755.623,263.256,374.525,335.562,368.844,492.079,454.543,59.833
614.916,734.717,270.881,367.438,320.427,392.450,500.347,457.311,58.802
593.989,739.580,283.719,373.675,339.607,381.587,494.733,458.127,56.509
599.786,743.377,283.825,370.913,323.393,390.244,525.119,462.379,58.300
602.656,759.797,291.438,377.650,345.416,379.337,487.000,463.328,58.154
610.192,729.116,323.519,383.863,341.337,395.000,510.059,470.441,53.348
609.709,730.196,322.500,373.875,345.326,385.012,528.238,470.694,54.280
622.447,785.167,323.181,390.462,344.831,366.069,541.436,481.942,60.782
622.659,762.145,328.887,385.738,335.236,375.456,520.723,475.835,58.047
624.233,716.819,338.425,389.300,337.427,380.456,437.743,460.629,52.402
633.113,765.000,327.100,392.875,337.809,382.594,443.673,468.881,58.169
623.818,736.645,335.356,400.212,339.494,371.312,463.139,467.140,54.308
636.541,746.877,347.887,375.600,344.438,384.387,490.851,475.226,55.615
640.149,717.152,356.375,386.762,331.067,383.331,511.218,475.151,53.108
643.912,770.710,343.875,368.500,342.607,400.637,499.535,481.397,58.534
628.716,771.435,354.025,373.825,314.888,374.062,493.000,472.850,59.331
634.407,705.188,347.669,399.387,338.697,378.475,485.782,469.944,51.142
633.182,731.007,337.125,376.625,340.652,386.644,515.297,474.362,54.721
653.378,762.514,362.281,388.050,340.146,393.163,443.376,477.558,57.247
651.164,729.413,357.631,386.712,346.966,392.812,469.723,476.346,53.546
645.470,724.688,362.969,407.062,341.169,388.300,469.307,476.995,52.295
630.979,748.333,364.806,388.712,325.921,382.156,497.267,476.882,55.318
652.265,775.978,351.581,388.038,336.281,355.863,486.871,478.125,60.325
646.508,737.616,351.181,371.512,350.596,393.106,505.337,479.408,54.845
651.436,740.703,376.444,387.312,363.854,379.950,488.416,484.016,53.477
657.002,733.116,354.425,369.350,326.843,385.169,501.663,475.367,56.456
657.784,731.609,354.400,390.688,336.067,378.556,438.307,469.630,55.450
651.541,745.957,379.406,388.312,322.067,397.038,445.119,475.634,55.621
661.214,728.326,377.587,380.825,336.393,398.981,481.812,480.734,53.835
653.525,737.138,347.681,394.000,327.517,391.944,494.436,478.034,55.755
663.731,717.870,374.106,372.625,329.056,375.881,489.495,474.681,54.697
645.326,733.326,361.587,388.975,352.517,383.288,485.426,478.635,53.344
666.737,725.696,368.525,387.587,355.191,383.850,508.485,485.153,53.767
649.503,753.645,361.100,385.738,326.135,373.087,485.317,476.361,57.441
665.214,706.094,354.644,388.163,350.708,406.306,456.525,475.379,51.926
668.428,734.174,371.006,376.175,342.528,394.325,430.267,473.843,55.552
663.569,753.652,368.656,393.225,339.326,382.456,421.228,474.587,57.332
658.500,744.399,382.756,408.387,363.562,386.944,455.158,485.672,53.254
655.646,755.855,361.906,393.087,347.090,405.781,475.693,485.008,55.598
668.237,714.196,370.250,392.625,333.663,391.800,494.356,480.732,53.329
657.374,772.116,359.688,367.788,327.225,412.706,515.079,487.425,59.346
666.198,750.043,372.869,383.863,324.483,367.337,510.950,482.249,58.224
668.020,761.457,362.006,386.075,348.607,373.575,475.287,482.147,58.186
668.316,725.391,345.875,387.038,337.371,376.919,500.347,477.322,55.996
664.687,731.891,357.694,381.225,350.685,390.819,478.772,479.396,54.763
674.009,738.268,372.206,415.762,333.899,386.863,513.911,490.703,55.412
674.042,739.080,369.512,381.637,355.337,401.375,502.406,489.056,55.015
661.807,786.138,391.519,395.350,351.404,386.219,482.752,493.598,58.172
668.435,722.471,363.156,384.538,333.584,378.250,486.059,476.642,55.109
668.786,716.072,380.819,414.075,344.618,381.181,445.119,478.667,52.460
685.698,740.529,364.194,391.375,332.753,383.569,493.743,484.551,57.583
673.762,769.051,382.450,372.200,348.202,383.575,512.861,491.729,58.731
668.353,734.442,390.137,379.225,336.034,382.294,519.436,487.132,55.314
673.287,749.370,362.031,388.800,331.472,406.188,512.208,489.051,57.165
672.676,714.681,373.331,365.200,353.258,390.738,433.604,471.927,53.924
676.079,763.254,372.556,388.125,325.371,379.619,405.990,472.999,60.235
673.483,762.007,369.906,420.762,337.640,394.181,434.861,484.692,57.518
681.365,730.572,370.825,389.788,343.270,379.325,466.287,480.205,55.771
676.012,743.167,366.444,400.262,345.809,384.669,480.960,485.332,56.030
672.483,737.275,374.606,386.875,340.730,371.769,463.168,478.130,56.132
681.356,738.145,370.762,379.288,332.483,379.775,477.980,479.970,57.333
669.456,778.978,380.369,398.725,344.236,384.844,465.911,488.931,58.718
697.820,729.261,358.194,376.700,342.124,375.369,474.634,479.157,58.040
672.171,738.246,374.669,400.775,345.697,379.844,412.020,474.774,55.968
691.001,745.471,367.512,378.812,340.101,385.250,412.059,474.315,59.045
675.029,777.862,380.875,394.288,347.348,385.863,408.911,481.454,59.834
674.767,765.225,382.181,386.887,346.562,383.087,458.604,485.331,58.026
697.031,765.638,376.981,366.012,329.742,383.312,475.347,484.866,61.292
677.613,722.790,378.488,379.462,325.584,380.688,455.277,474.272,55.787
674.906,728.688,375.869,380.375,343.921,389.087,470.970,480.545,54.859
673.154,792.884,372.275,424.650,332.247,379.231,507.881,497.475,60.693
683.668,731.717,371.613,402.575,338.427,390.119,511.109,489.890,55.511
669.412,718.833,386.762,410.050,325.629,378.762,438.842,475.470,53.858
678.200,733.428,375.944,377.300,355.876,390.863,421.802,476.202,55.608
682.858,701.949,362.944,393.363,331.258,382.988,410.307,466.524,54.724
699.901,782.145,386.681,385.875,347.607,385.781,487.347,496.477,60.907
695.965,756.217,379.631,391.700,336.360,396.856,481.436,491.166,58.464
677.134,732.587,375.475,401.125,349.843,397.650,461.891,485.101,54.150
690.737,750.493,378.075,373.450,326.876,387.825,493.386,485.835,59.109
686.941,754.130,371.150,384.738,323.382,388.381,512.416,488.734,59.305
682.723,719.935,365.913,391.450,327.169,379.000,495.366,480.222,55.937
685.634,743.906,376.700,399.587,343.573,402.244,461.277,487.560,56.002
687.147,768.072,394.481,380.663,323.674,367.875,400.673,474.655,61.641
679.100,699.123,370.075,387.812,334.360,406.456,422.257,471.312,53.004
673.416,773.696,379.444,399.075,358.000,395.469,457.554,490.951,57.503
679.790,715.761,390.688,367.500,306.382,372.756,451.743,469.231,56.742
685.987,750.442,372.856,377.000,347.022,393.988,481.624,486.988,57.570
681.491,757.725,401.356,381.462,335.393,367.356,487.881,487.524,58.360
689.752,783.261,381.100,388.275,338.191,389.119,486.842,493.791,60.818
678.771,739.746,382.331,395.363,305.730,400.119,493.673,485.105,57.221
700.475,723.841,380.631,375.062,330.899,400.762,500.812,487.497,56.695
682.926,725.486,382.850,376.712,328.865,389.012,495.743,483.085,55.852
695.860,768.659,371.531,408.025,330.326,373.381,442.693,484.354,60.927
679.652,741.072,378.087,391.137,322.315,381.669,444.980,476.988,57.499
684.015,737.819,377.425,395.113,335.562,401.150,446.752,482.548,56.054
685.750,694.355,380.681,440.725,320.798,390.038,431.446,477.685,52.576
682.186,742.616,359.081,378.212,322.652,391.094,462.752,476.942,58.506
685.514,726.768,374.281,399.625,316.236,391.250,488.218,483.127,56.327
685.612,732.225,381.169,367.650,323.315,366.363,461.149,473.926,58.177
678.336,752.630,379.944,421.663,327.899,386.925,472.109,488.501,56.862
683.736,748.659,386.325,415.275,330.944,392.869,484.178,491.712,56.337
683.073,767.029,383.038,400.075,340.876,389.488,447.871,487.350,58.487
684.707,762.790,387.144,387.038,350.258,405.413,469.871,492.460,57.241
683.882,752.507,382.875,367.175,327.775,393.619,447.931,479.395,58.841
679.099,724.457,390.075,398.312,325.011,397.100,439.040,479.013,54.721
691.133,712.007,370.413,386.475,353.303,393.669,482.069,484.153,53.937
689.253,750.116,396.587,401.675,334.865,377.150,445.139,484.969,57.592
698.060,715.196,396.806,389.500,335.921,401.300,433.139,481.417,54.793
679.072,754.007,370.012,388.137,338.067,402.875,432.198,480.624,57.786
683.442,754.304,369.450,391.288,337.169,384.756,476.960,485.338,58.205
691.601,732.536,381.969,413.837,331.303,407.762,482.752,491.680,55.129
687.672,704.522,373.581,392.863,330.618,402.850,461.713,479.117,53.653
691.120,725.957,373.906,403.125,327.584,386.637,486.515,484.978,56.070
691.419,722.949,371.944,393.825,331.888,381.006,509.248,486.040,56.272
675.694,714.471,385.069,421.262,346.472,383.225,422.624,478.402,52.723
669.305,727.464,384.275,372.738,352.056,387.344,423.099,473.754,54.523
678.346,731.109,404.350,376.113,332.135,382.706,467.614,481.768,55.397
693.919,708.790,382.812,399.250,362.034,387.681,484.921,488.487,52.689
675.143,761.877,367.550,385.525,332.899,397.106,473.554,484.808,58.466
693.729,747.225,364.381,396.700,341.944,395.938,500.832,491.535,57.680
680.197,759.080,371.913,420.450,345.607,395.219,487.099,494.223,56.619
685.153,716.014,371.856,396.863,332.685,384.994,466.000,479.081,54.831
696.893,702.652,371.894,396.688,323.820,391.250,410.297,470.499,55.648
681.798,695.449,367.806,418.137,327.708,392.950,408.545,470.342,53.219
696.714,731.797,373.788,390.075,342.427,368.462,441.653,477.845,57.594
682.942,743.478,370.062,402.475,333.607,393.887,479.149,486.514,56.650
685.265,710.275,373.113,412.475,357.764,376.988,479.277,485.022,52.784
672.590,725.051,384.238,402.300,320.652,383.906,485.327,482.009,54.768
702.272,756.210,369.150,382.738,320.854,386.306,484.604,486.019,60.831
687.231,763.609,370.075,387.375,325.708,387.900,509.911,490.258,60.015
681.935,743.377,371.981,390.500,331.596,391.875,465.673,482.420,57.103
694.595,734.775,368.700,378.512,328.461,400.606,394.782,471.490,58.845
679.040,677.377,376.644,412.025,339.213,369.931,426.188,468.631,51.071
687.798,751.370,376.819,415.012,330.551,377.738,423.485,480.396,58.498
690.621,708.080,374.150,397.450,351.169,392.606,458.248,481.760,53.278
672.408,714.522,377.387,409.938,314.539,378.275,465.950,476.146,54.450
678.117,740.775,383.719,379.725,336.764,375.794,517.792,487.527,56.962
676.892,731.623,368.794,393.050,335.865,385.506,482.564,482.042,55.639
685.331,766.036,366.637,390.600,338.034,383.194,482.337,487.453,59.584
688.451,715.217,376.794,402.738,339.933,379.575,487.515,484.317,54.404
681.521,729.094,367.681,380.962,331.225,366.475,423.495,468.636,57.569
696.932,719.319,387.406,381.050,350.281,393.000,418.554,478.077,55.484
695.616,731.254,389.656,409.075,329.045,375.538,456.495,483.811,56.598
692.677,727.261,392.675,401.400,353.483,368.081,464.069,485.664,55.094
683.967,723.594,385.869,375.887,326.708,390.594,431.347,473.995,56.106
684.450,718.420,384.981,407.325,320.685,393.494,482.287,484.520,54.526
703.316,736.717,391.788,369.775,330.236,383.562,464.287,482.812,58.489
681.045,682.123,392.512,405.762,330.169,404.119,450.129,477.980,50.206
682.712,711.449,390.556,413.562,336.337,379.012,470.178,483.401,53.055
692.681,737.196,375.087,410.488,339.888,382.012,473.762,487.302,56.446
694.410,777.449,385.594,380.712,337.022,387.000,437.406,485.656,61.262
696.572,700.565,395.625,373.387,330.978,404.306,417.851,474.184,54.511
691.445,724.457,350.644,407.075,335.045,402.113,413.485,474.895,56.756
679.195,724.848,380.894,397.762,342.067,382.750,454.792,480.330,54.461
690.702,703.667,371.675,402.575,327.742,386.863,454.891,476.873,54.318
693.112,755.072,361.681,378.337,334.067,395.325,451.653,481.321,59.706
693.190,728.674,361.344,396.038,329.888,384.375,460.594,479.157,57.226
686.428,738.971,375.906,389.562,330.236,378.156,435.713,476.425,57.741
675.045,727.710,371.087,382.725,345.225,369.694,388.960,465.778,56.772
694.660,749.442,381.956,386.613,340.371,402.700,396.050,478.827,58.819
686.284,730.942,383.625,405.650,329.157,383.087,427.594,478.049,56.280
677.747,747.123,372.887,395.938,317.472,383.850,448.455,477.639,58.137
686.982,760.645,407.619,413.225,326.753,388.919,446.782,490.132,57.759
671.497,713.355,386.062,402.262,341.427,372.994,453.842,477.349,52.931
688.428,736.594,376.988,383.325,336.933,382.775,480.396,483.634,56.976
678.118,717.696,367.688,402.988,325.180,380.719,476.228,478.374,54.980
678.777,706.543,380.956,394.212,320.730,385.613,482.416,478.464,53.884
685.007,693.667,382.919,421.200,347.146,381.156,411.198,474.613,52.004
681.403,716.862,368.569,388.413,329.876,384.587,426.446,470.879,55.586
677.848,709.841,383.650,407.100,337.404,388.169,458.931,480.420,52.640
684.346,709.565,371.994,410.975,333.551,378.781,479.535,481.249,53.940
683.050,760.587,363.306,392.337,346.528,372.562,468.901,483.896,59.011
687.694,715.152,379.012,417.712,329.056,386.094,504.089,488.401,54.248
692.478,700.435,372.044,420.062,336.820,377.100,479.416,482.622,53.457
688.109,763.862,359.894,412.837,331.607,397.419,453.535,486.752,59.255
682.287,738.826,352.738,417.637,324.843,382.231,477.911,482.353,57.427
692.204,720.022,381.581,367.288,334.978,377.850,477.168,478.727,56.513
681.993,752.891,382.006,408.212,331.596,381.650,445.624,483.425,57.645
688.216,755.601,361.288,395.837,332.348,380.875,409.822,474.855,60.077
693.954,700.246,384.694,416.475,339.045,381.725,454.990,481.590,52.980
697.064,732.493,376.781,386.725,332.360,379.569,481.693,483.812,57.500
695.892,743.565,372.856,417.950,349.843,391.400,461.010,490.359,56.389
685.999,719.196,385.519,410.613,312.315,365.962,477.238,479.549,56.156
680.271,725.000,378.719,395.363,343.393,373.800,488.911,483.637,54.862
695.721,697.029,368.425,403.438,336.146,375.194,493.426,481.340,54.172
683.768,761.783,374.431,404.887,328.899,369.587,465.129,484.069,59.391
690.100,712.210,363.538,386.712,321.528,387.881,429.366,470.191,56.391
691.448,724.420,381.125,413.350,316.427,390.650,449.198,480.945,56.125
694.702,709.855,368.106,389.525,329.416,375.156,467.396,476.308,55.946
676.485,735.609,366.000,409.325,338.112,376.100,488.198,484.261,55.842
684.079,724.486,363.925,386.087,332.011,383.913,499.713,482.031,56.281
694.829,744.659,396.706,394.975,334.416,366.969,481.455,487.716,57.839
686.213,719.203,372.800,370.525,337.528,395.306,479.059,480.091,55.456
698.267,716.203,384.006,395.625,354.213,390.456,512.960,493.104,54.115
683.087,729.884,378.012,409.850,329.506,375.594,465.040,481.568,55.836
699.061,713.101,377.275,399.188,334.315,376.575,413.644,473.308,56.319
691.777,734.442,369.706,429.075,328.180,394.587,427.970,482.248,56.670
685.572,740.717,380.656,420.413,334.202,402.794,450.366,487.817,55.571
694.199,742.609,386.706,388.600,329.404,391.281,449.188,483.141,57.735
677.347,705.014,370.863,394.000,335.258,392.587,477.574,478.949,52.968
702.475,731.696,383.663,396.925,337.382,386.712,490.842,489.956,56.694
701.401,727.239,368.150,391.462,331.528,389.262,478.723,483.967,57.261
692.183,706.754,383.206,405.188,334.180,378.844,474.218,482.082,54.004
699.899,737.978,384.306,389.950,318.685,389.425,497.000,488.178,58.243
694.078,733.514,384.025,393.762,342.393,381.350,437.535,480.951,56.643
694.086,768.812,389.175,388.025,353.517,386.981,403.505,483.443,59.995
693.625,758.080,385.975,403.288,345.146,405.856,441.594,490.509,57.512
677.477,749.790,370.294,366.637,339.562,377.706,486.446,481.130,58.360
691.089,705.058,380.400,432.462,335.404,369.038,465.376,482.690,53.600
683.282,744.659,371.275,397.825,320.247,384.694,505.317,486.757,58.006
685.971,716.565,374.000,404.788,331.169,365.944,480.426,479.837,55.409
682.682,731.072,374.475,419.163,343.955,406.331,449.089,486.681,54.122
694.530,710.283,396.544,418.025,327.753,393.150,463.396,486.240,53.564
696.335,746.203,389.762,411.887,343.494,409.762,450.574,492.574,56.020
691.504,753.370,367.113,397.650,330.742,375.988,494.911,487.325,59.236
687.335,761.391,385.831,410.600,337.292,392.569,501.762,496.683,57.568
709.790,753.312,365.506,388.625,315.674,394.450,468.198,485.079,61.152
683.671,747.116,387.119,403.062,331.000,388.150,462.931,486.150,56.792
680.470,726.870,374.913,432.738,347.213,392.656,495.129,492.855,53.212
690.936,744.616,380.931,395.087,337.978,374.587,475.535,485.667,57.608
682.215,694.891,373.562,407.113,324.933,377.569,472.386,476.095,53.107
695.922,718.746,370.425,423.725,338.618,390.538,473.851,487.404,54.668
693.905,741.543,377.575,386.525,330.191,391.631,437.871,479.892,58.102
672.951,721.377,376.163,397.750,318.876,380.400,428.851,470.910,55.505
685.721,733.964,365.344,415.488,316.753,385.150,455.337,479.679,57.211
685.086,698.080,361.100,377.438,343.854,383.894,476.554,475.144,53.813
690.489,733.768,363.400,400.775,331.607,391.294,462.475,481.973,56.918
680.176,734.877,367.075,422.800,336.629,372.294,497.861,487.387,55.906
694.217,721.246,374.906,397.250,331.483,402.087,472.584,484.825,55.328
692.476,731.036,367.562,405.837,333.382,384.875,496.307,487.354,56.558
684.268,721.312,382.300,415.012,312.652,379.819,491.287,483.807,55.658
683.099,750.232,373.119,397.250,333.562,398.188,498.040,490.498,57.185
674.909,696.478,354.881,416.950,321.360,387.219,416.109,466.844,53.667
705.191,760.449,382.994,406.800,317.191,396.156,429.653,485.491,60.608
698.171,721.594,377.119,409.300,344.753,390.681,458.980,485.800,54.963
687.403,768.464,370.606,377.613,353.517,386.863,458.307,486.110,59.515
679.016,730.645,366.738,420.762,335.685,401.938,482.941,488.246,54.440
