0001-0037-0052,0001-0050-0100,0001-0103-0237,0001-0121-0090,0001-0157-0199,0001-0161-0179,0001-0192-0189,0001-0239-0174,0001-0188-0095,0001-0198-0156,Average,Err
714.691,542.788,456.251,453.184,417.696,409.844,1930.298,435.452,425.259,431.220,621.668,140.682
720.054,516.358,477.259,457.817,389.017,401.023,1870.758,430.391,422.361,419.207,610.424,135.924
717.926,493.590,460.948,456.684,374.526,385.731,1776.684,424.928,450.696,413.573,595.529,127.826
696.394,469.127,451.653,458.490,388.551,391.329,1757.381,415.143,437.446,397.872,586.339,126.326
712.841,470.407,467.217,444.384,396.730,398.038,1713.614,421.585,463.117,407.676,589.561,121.659
734.592,484.971,448.459,445.763,405.543,419.859,1718.250,423.048,480.006,416.065,597.656,121.587
727.074,468.342,461.881,456.273,413.074,401.452,1679.220,424.237,468.169,407.455,590.718,118.185
750.977,472.727,471.115,444.923,399.531,387.090,1606.409,410.959,461.922,393.875,579.953,112.752
767.011,473.652,493.612,454.780,439.506,404.455,1709.268,442.713,460.855,421.263,606.711,120.264
813.839,485.377,484.192,455.377,426.369,407.518,1688.937,441.522,489.145,414.869,610.715,119.025
891.884,473.500,474.929,451.713,422.293,394.078,1728.341,444.505,497.256,415.289,619.379,124.542
969.765,486.706,489.960,446.949,460.517,404.628,1732.937,457.635,526.364,411.058,638.652,125.408
1214.156,477.418,483.071,434.242,440.594,398.997,1664.018,455.872,496.304,411.010,647.568,129.457
1470.669,497.611,492.693,447.949,424.014,397.188,1657.013,430.775,460.440,406.268,668.462,142.525
1661.314,492.466,481.904,449.677,434.920,406.661,1709.106,459.401,474.256,421.046,699.075,156.163
1761.300,488.101,504.470,449.166,445.943,411.990,1772.510,428.836,473.214,422.467,715.800,166.423
1710.932,485.343,496.678,460.457,464.054,416.455,1788.624,443.382,460.611,419.700,714.624,163.937
1582.756,494.158,505.495,441.230,484.080,396.374,1854.237,431.761,428.437,449.328,706.786,161.418
1366.399,479.739,468.735,453.790,529.562,387.166,1796.626,448.891,408.789,423.695,676.339,146.793
1000.620,477.408,478.916,449.937,560.960,401.704,1819.848,437.491,421.852,440.363,648.910,134.212
784.416,477.668,477.620,458.177,607.205,399.394,1774.316,425.700,434.355,456.351,629.520,125.424
668.187,484.044,467.395,437.739,564.082,384.095,1666.891,419.235,403.163,502.149,599.698,115.289
625.334,460.237,475.225,454.857,547.290,395.291,1705.283,441.357,397.831,724.652,622.736,118.303
591.493,483.096,483.871,450.427,489.582,394.666,1706.313,422.881,443.148,1195.695,666.117,130.192
618.363,484.840,469.601,442.336,438.722,408.201,1627.240,436.159,409.226,1376.375,671.106,133.750
597.317,470.026,451.866,442.039,385.088,406.050,1516.328,414.928,409.548,1261.749,635.494,121.782
625.133,481.018,480.228,488.908,382.943,419.332,1632.124,446.411,429.437,1292.768,667.830,129.349
662.918,480.163,488.048,475.370,382.946,402.427,1607.763,435.927,462.837,1188.090,658.649,122.691
606.742,493.477,498.470,457.346,395.878,412.399,1475.028,424.570,432.401,1100.546,629.686,108.866
618.484,467.989,458.000,438.722,386.543,395.249,1347.419,418.956,425.178,1009.908,596.645,97.022
628.198,477.931,465.025,454.652,387.409,408.098,1284.288,436.126,434.503,986.861,596.309,89.949
657.969,492.711,476.543,454.430,417.949,416.704,1184.470,435.713,450.858,955.684,594.303,79.691
654.938,510.206,488.952,457.435,397.898,400.814,1068.654,450.043,455.322,892.500,577.676,68.402
661.275,524.864,470.770,466.457,400.179,409.812,952.141,453.677,437.066,854.299,563.054,58.567
664.518,550.810,488.860,457.198,376.619,406.573,871.235,443.700,481.883,790.910,553.231,50.315
677.725,662.979,510.115,450.143,385.903,409.922,809.854,441.200,448.759,740.172,553.677,46.134
679.057,929.556,559.184,467.102,391.446,404.741,789.609,461.358,454.066,658.792,579.491,53.993
691.125,1282.791,549.674,465.157,385.205,391.583,780.020,433.406,427.735,587.767,599.446,82.145
703.915,1473.292,528.534,453.442,397.506,432.070,759.515,418.213,431.593,506.246,610.433,98.172
673.861,1511.284,502.871,452.828,384.040,409.518,764.513,428.889,437.910,444.155,600.987,102.801
699.725,1494.750,487.309,453.925,394.991,432.445,752.672,419.160,429.497,425.841,599.032,101.492
668.289,1343.065,474.190,442.319,400.347,394.899,775.588,424.495,425.729,416.520,576.544,89.420
696.368,1291.025,506.173,461.311,394.580,388.013,801.381,419.788,423.108,414.175,579.592,85.829
720.518,1105.172,478.006,455.978,420.497,409.281,800.798,433.032,439.855,423.653,568.679,69.934
712.283,879.239,490.534,454.094,437.031,405.791,824.982,431.420,419.289,416.075,547.074,55.285
719.782,689.461,486.921,461.386,457.730,401.601,812.184,431.022,415.581,411.075,528.674,45.427
719.816,568.253,478.777,459.398,491.281,401.709,817.280,433.386,418.383,421.863,521.014,42.222
736.751,521.676,465.023,469.968,697.514,401.987,868.619,437.666,435.527,413.903,544.863,48.834
723.581,515.368,510.106,464.189,755.702,414.714,987.343,450.853,436.398,415.270,567.352,57.450
815.691,495.425,495.843,462.459,677.182,409.952,1547.146,428.314,454.702,425.260,621.198,105.025
784.227,473.296,476.733,447.094,605.116,385.090,2294.076,432.435,498.780,428.878,682.572,173.323
836.654,487.879,482.628,468.997,536.662,410.706,2539.205,432.254,506.614,424.550,712.615,195.977
877.122,493.926,480.875,461.056,489.452,401.814,2502.702,429.247,569.422,445.394,715.101,192.739
825.399,492.199,488.781,442.363,453.631,394.279,2417.192,453.614,724.386,463.794,715.564,184.051
863.388,497.750,497.633,447.674,439.199,425.387,2302.078,427.922,741.087,529.340,717.146,172.749
812.334,491.940,459.094,451.404,417.903,400.807,2200.263,430.737,668.780,657.945,699.121,163.428
810.283,484.786,492.478,455.457,420.097,400.322,2101.212,443.705,700.816,882.838,719.199,154.542
763.918,485.134,459.722,455.780,424.017,404.990,2037.000,445.602,645.828,1249.095,737.109,157.283
770.637,496.523,467.351,464.304,438.392,407.902,1963.927,438.652,605.169,1322.514,737.537,153.560
785.646,494.292,486.301,474.341,430.366,410.339,1930.424,428.729,551.623,1260.400,725.246,148.999
743.076,492.152,482.829,457.237,404.500,398.598,1879.621,439.333,491.693,1177.873,696.691,143.541
743.720,488.495,457.877,458.747,412.045,395.106,1782.467,439.381,439.340,1107.679,672.486,134.372
742.592,508.392,479.787,447.213,399.577,403.296,1716.742,422.290,441.937,1034.095,659.592,126.570
752.564,498.810,464.687,461.747,393.793,406.553,1619.990,433.166,407.889,969.760,640.896,117.303
704.127,475.279,470.543,448.258,400.560,403.879,1558.311,425.258,403.298,910.291,619.980,110.648
706.241,495.766,466.029,451.551,419.906,407.420,1506.611,446.123,404.967,864.859,616.947,104.048
714.677,497.828,463.509,461.747,412.119,410.827,1380.535,431.401,420.937,836.698,603.028,92.632
728.606,510.103,481.835,457.148,390.259,428.229,1157.591,429.425,412.428,763.876,575.950,72.715
754.295,517.961,477.123,477.720,376.418,393.387,1002.250,423.483,392.666,682.887,549.819,60.902
728.714,493.794,482.520,454.918,383.619,405.271,890.333,438.829,417.946,613.068,530.901,49.323
775.405,486.315,467.125,456.891,376.571,397.291,785.621,438.026,405.798,512.513,510.156,44.517
757.870,491.539,461.267,460.476,373.435,407.445,787.273,442.626,416.377,468.485,506.679,43.310
807.431,502.163,455.979,451.534,371.693,398.291,736.902,429.235,423.235,424.681,500.115,44.532
768.456,489.464,470.706,456.119,380.636,415.324,768.811,433.592,420.991,419.016,502.312,43.104
789.433,522.072,479.401,455.230,370.642,411.608,786.003,421.695,414.816,417.623,506.852,46.123
774.867,519.181,456.825,452.357,387.818,404.688,760.528,430.602,423.717,412.860,502.344,43.333
748.419,515.247,472.962,471.555,392.804,410.626,783.907,434.611,399.855,417.292,504.728,42.952
768.210,535.706,458.902,476.507,387.335,383.719,724.763,441.718,406.723,405.782,498.936,41.611
740.561,703.796,453.793,479.899,398.105,398.570,752.210,441.544,433.623,420.419,522.252,44.207
733.932,1012.405,443.445,466.246,392.739,397.731,755.290,433.775,433.892,419.222,548.868,63.258
726.048,1390.848,451.912,466.038,401.139,403.658,751.167,440.427,422.717,425.412,587.937,93.170
724.603,1596.975,450.376,465.304,388.739,417.558,795.232,436.904,440.855,434.006,615.055,111.502
698.399,1651.817,455.259,455.282,386.188,401.063,806.035,437.676,409.313,428.283,612.931,117.310
679.331,1527.345,489.284,446.549,369.807,403.427,799.371,435.090,415.286,426.091,599.158,106.066
693.153,1375.675,481.841,466.210,382.886,409.060,766.987,441.350,441.307,411.337,586.981,91.539
686.555,1221.538,483.415,466.387,368.753,403.593,856.164,439.287,423.732,425.918,577.534,81.552
694.839,1047.092,479.691,464.968,392.406,402.920,841.803,504.857,428.964,428.329,568.587,66.325
702.524,803.730,477.891,449.015,369.267,403.445,829.015,574.452,424.578,412.114,544.603,51.969
691.178,638.706,468.864,463.280,400.122,406.548,975.848,659.575,442.039,417.244,556.340,55.424
680.408,581.972,481.543,468.084,379.875,400.204,1423.990,747.614,447.500,451.611,606.280,93.393
693.720,532.348,471.591,441.311,373.722,402.812,2342.109,832.212,443.328,514.383,704.753,177.655
742.810,517.660,481.438,470.212,499.486,407.631,2640.614,1073.701,428.672,722.156,798.438,203.573
749.640,503.471,469.981,464.725,684.006,407.148,2549.659,1301.241,423.810,1003.005,855.669,198.592
703.309,499.940,455.050,452.628,747.565,416.601,2396.778,1479.039,424.630,1278.373,885.391,194.844
724.051,498.446,464.514,463.080,695.287,391.854,2359.164,1601.631,411.006,1382.158,899.119,199.146
773.071,511.675,464.478,446.043,609.776,422.530,2247.745,1646.372,422.172,1350.881,889.474,191.804
719.898,499.064,456.267,455.507,537.517,406.274,2131.295,1597.529,416.419,1221.308,844.108,180.867
689.620,502.855,466.503,455.160,465.517,424.334,2092.283,1630.406,408.756,1177.100,831.254,179.686
728.992,496.848,450.232,452.206,412.028,387.618,1924.051,1565.323,412.087,1087.742,791.713,165.608
727.986,499.123,472.747,456.515,388.793,397.779,1860.899,1520.179,424.831,1023.134,777.199,157.517
688.771,470.609,452.077,447.730,382.773,416.191,1772.429,1421.831,414.898,958.443,742.575,146.974
718.578,507.766,456.424,455.519,388.824,409.101,1726.179,1222.560,405.536,900.925,719.141,133.693
659.487,503.778,445.760,458.573,366.344,393.033,1623.793,950.949,419.843,837.353,665.891,117.077
696.244,502.792,472.015,472.259,366.270,400.719,1527.328,733.715,410.102,784.904,636.635,103.942
708.530,511.873,470.775,464.578,368.645,417.812,1485.869,553.739,437.012,757.285,617.612,98.813
735.096,545.399,473.284,458.785,367.338,413.447,1360.843,476.741,433.762,667.910,593.260,87.865
783.830,519.508,466.061,449.945,354.031,404.141,1154.497,453.925,442.855,581.964,561.076,71.991
808.909,502.526,452.518,471.186,357.148,408.171,972.732,446.539,464.319,508.836,539.288,58.276
799.238,508.410,472.019,465.358,366.509,427.668,843.492,443.218,453.295,460.393,523.960,48.360
837.762,521.721,480.520,462.978,362.997,434.497,798.293,441.751,465.726,443.345,524.959,47.947
832.139,536.824,476.541,436.230,354.597,408.789,736.455,425.638,458.831,427.838,509.388,46.175
809.632,550.386,462.100,468.990,353.224,417.116,775.515,437.138,442.633,420.696,513.743,46.559
787.062,603.626,465.234,463.425,363.401,412.191,747.725,436.063,434.964,409.391,512.308,44.547
762.246,733.400,490.365,454.971,362.767,419.601,754.313,442.208,435.352,428.887,528.411,46.888
716.640,962.258,472.284,453.621,373.875,429.407,767.020,439.563,453.636,422.294,549.060,58.609
703.212,1187.858,471.207,454.695,357.219,422.560,750.813,426.031,454.958,431.489,566.004,75.845
649.805,1402.652,471.580,447.067,374.946,404.299,768.341,457.831,440.235,424.905,584.166,93.690
645.224,1470.605,485.610,458.152,356.841,397.455,747.134,434.930,469.422,426.558,589.193,99.409
622.703,1479.989,464.008,458.220,379.105,400.492,762.086,435.962,444.253,424.737,587.156,100.429
595.173,1439.217,471.800,460.558,382.298,409.754,727.104,436.130,443.190,425.742,579.096,95.779
633.683,1329.191,458.205,433.305,373.784,421.098,721.717,442.515,449.307,423.011,568.582,86.470
628.235,1157.167,471.956,463.879,387.412,416.158,766.207,433.585,436.139,428.039,558.878,72.109
628.490,913.026,462.841,467.381,392.511,420.460,755.598,442.316,445.268,434.177,536.207,51.991
629.399,715.361,451.685,468.299,373.827,443.578,791.245,427.920,444.717,429.031,517.506,42.499
624.482,604.809,471.338,449.947,366.423,419.153,759.159,456.592,449.723,430.640,503.227,36.120
651.343,539.312,477.996,472.118,399.321,420.834,788.528,438.196,443.687,438.054,506.939,36.839
645.255,534.433,471.065,458.230,373.031,426.435,765.626,441.903,432.569,433.203,498.175,35.959
631.042,513.693,466.407,465.077,382.855,410.123,783.169,437.389,420.337,432.918,494.301,36.896
623.269,501.260,475.733,488.282,383.435,438.940,780.995,429.452,431.093,442.236,499.469,35.392
681.309,509.149,458.879,464.184,377.858,430.671,792.258,440.991,445.819,560.064,516.118,38.535
665.683,527.639,467.509,485.449,383.676,432.839,801.510,459.734,438.723,850.975,551.374,49.051
709.309,514.742,462.587,518.563,389.352,456.889,777.338,446.973,455.663,1094.112,582.553,65.298
817.745,513.799,480.960,507.959,378.128,604.887,829.114,458.993,509.590,1309.969,641.114,83.333
1082.184,510.194,476.092,497.604,373.378,773.987,824.669,460.457,524.599,1409.994,693.316,99.633
1603.521,528.680,471.100,483.495,379.866,989.754,935.614,439.111,546.343,1338.258,771.574,127.857
1859.212,514.941,482.948,473.019,430.608,1180.960,1485.967,440.271,882.732,1236.338,898.700,154.660
1860.881,542.469,483.979,487.631,550.176,1315.837,2378.288,434.215,1109.693,1165.626,1032.879,200.743
1815.938,668.719,485.042,497.495,803.901,1384.251,2571.384,448.828,1207.199,1093.963,1097.672,205.151
1605.932,888.676,471.111,518.558,945.955,1291.608,2475.245,471.565,1206.741,984.877,1086.027,184.488
1364.912,1105.913,496.311,778.701,1020.560,1366.882,2517.672,512.392,1306.117,973.587,1144.305,173.474
1117.963,1298.601,509.244,1357.096,937.634,1412.191,2377.841,627.384,1223.834,899.515,1176.130,155.965
853.793,1326.663,552.649,1678.693,816.259,1451.053,2257.798,741.877,1174.846,859.277,1171.291,155.939
721.459,1323.737,535.215,1717.531,686.776,1450.093,2189.891,1063.302,1132.834,795.687,1161.652,155.945
667.244,1286.356,534.221,1631.413,598.864,1358.857,2097.737,1432.686,972.105,715.903,1129.539,155.048
655.351,1130.750,577.764,1671.623,557.651,1409.982,1985.152,1583.628,865.741,652.574,1109.022,156.844
627.193,923.747,829.328,1654.838,520.804,1369.420,1902.679,1640.305,753.096,579.264,1080.067,153.868
649.575,761.067,1164.338,1580.049,482.060,1299.862,1821.619,1605.611,638.943,502.445,1050.557,151.516
651.915,628.368,1278.203,1588.834,446.903,1161.580,1725.553,1541.078,552.922,463.073,1003.843,152.402
610.467,551.214,1309.182,1565.249,425.401,1058.618,1616.586,1442.916,494.220,456.410,953.026,148.574
640.640,540.742,1284.027,1519.932,431.449,888.078,1495.831,1242.481,487.581,439.974,897.073,134.229
660.552,524.990,1258.161,1540.585,427.739,769.397,1393.184,1110.271,463.187,450.735,859.880,128.089
668.646,517.757,1179.699,1501.181,398.378,597.862,1229.447,846.418,448.630,441.712,782.973,117.065
684.960,539.913,1159.514,1419.282,412.594,539.618,1033.497,657.626,459.226,432.734,733.896,104.577
694.357,531.518,1188.633,1416.181,420.611,503.869,884.750,594.271,460.518,431.492,712.620,103.431
687.116,548.696,1258.384,1423.599,416.153,476.490,799.083,558.085,431.479,442.888,704.197,107.562
751.337,601.261,1469.875,1389.976,455.724,504.126,753.591,584.307,427.852,449.145,738.720,114.780
883.527,628.807,1705.077,1380.179,453.420,480.176,748.005,568.002,430.114,456.233,773.354,131.106
1020.615,601.077,2007.787,1331.184,418.940,440.518,754.566,561.454,415.440,469.042,802.062,155.561
1278.470,657.458,2267.115,1339.222,417.699,448.676,763.583,587.751,433.437,524.591,871.800,177.962
1510.054,715.003,2240.422,1292.683,395.287,443.088,772.389,595.831,464.464,565.974,899.519,179.747
1661.691,767.384,2097.079,1229.212,387.185,449.658,721.005,582.292,442.840,616.684,895.503,173.982
1638.467,835.206,1848.021,1126.174,395.594,447.945,743.861,606.669,420.575,659.280,872.179,153.254
1556.530,876.928,1706.405,1130.635,403.781,483.897,748.846,585.756,436.864,804.601,873.424,137.570
1355.946,930.783,1387.937,1015.974,412.509,506.693,764.664,600.466,459.145,1045.665,847.978,107.203
1211.102,1038.747,1085.457,924.925,394.227,517.661,754.028,586.563,494.205,1169.558,817.647,91.766
944.788,1032.727,865.319,765.391,385.256,512.987,736.566,581.498,562.566,1169.613,755.671,74.839
736.416,997.412,747.722,647.913,384.895,536.417,760.833,555.676,639.235,1128.727,713.525,65.652
705.807,932.869,670.251,547.957,382.239,536.492,784.283,562.618,794.566,1070.382,698.746,61.486
680.076,852.458,650.800,508.191,370.199,506.246,797.760,556.817,935.325,1010.130,686.800,62.373
655.433,710.150,607.820,512.771,368.491,533.671,762.331,628.416,1131.494,954.497,686.508,66.434
677.099,668.283,633.873,522.002,369.540,610.912,775.313,791.565,1268.148,930.731,724.746,73.395
656.915,601.843,623.585,494.737,397.241,566.043,775.722,1038.005,1370.063,847.456,737.161,86.370
713.221,559.284,656.253,496.442,406.233,580.475,808.634,1392.910,1422.190,800.501,783.614,105.716
716.754,555.283,655.180,499.809,397.392,568.503,858.245,1593.648,1380.000,743.464,796.828,116.891
716.193,550.408,643.939,493.449,439.241,600.417,926.167,1605.817,1296.569,641.355,791.356,113.749
753.561,566.621,673.912,509.404,581.364,676.209,1336.667,1626.048,1221.837,583.129,852.875,117.791
763.921,585.830,676.551,464.884,687.591,792.925,2218.561,1505.988,1047.145,499.889,924.328,164.156
748.932,586.227,666.159,468.090,675.054,891.580,2630.263,1423.954,878.542,464.744,943.355,196.281
873.422,672.802,732.772,475.218,633.756,965.204,2551.864,1275.009,721.795,471.634,937.348,184.566
911.048,729.654,734.390,479.094,568.753,1069.990,2426.503,1082.029,592.934,455.176,904.957,174.000
923.326,843.693,728.856,469.099,564.088,1169.256,2346.384,873.384,524.181,439.881,888.215,168.769
985.561,974.814,775.167,488.024,563.665,1290.058,2221.997,699.679,516.889,456.177,897.203,161.089
1068.677,1028.596,769.689,493.189,524.511,1391.281,2135.934,546.418,501.488,459.140,891.892,161.706
1145.799,1167.149,798.676,515.097,503.131,1530.781,2062.015,526.686,469.274,454.013,917.262,164.824
1176.983,1178.526,806.136,496.790,510.957,1544.171,1963.763,514.747,472.193,470.761,913.503,159.294
1289.547,1161.881,791.470,504.855,460.131,1402.508,1844.636,499.978,445.892,460.960,886.186,151.118
1347.861,1129.605,825.898,496.246,464.213,1368.746,1749.609,501.094,476.973,453.472,881.372,144.474
1364.122,1017.593,823.591,471.985,441.185,1243.342,1588.955,491.811,454.404,432.421,832.941,132.671
1221.110,828.304,829.223,478.012,431.651,1160.241,1640.922,506.278,464.696,424.068,798.450,126.304
1184.159,716.077,890.772,493.154,401.347,1053.317,1569.124,509.203,469.078,432.990,771.922,118.006
1012.312,608.757,1124.386,485.706,385.162,912.673,1386.821,517.683,461.470,462.789,735.776,103.999
889.813,568.895,1444.403,538.522,395.614,748.872,1256.646,516.177,461.072,518.833,733.885,107.263
758.875,541.846,1776.309,697.590,383.338,649.847,1064.386,509.157,473.358,678.866,753.357,121.748
713.997,539.054,2086.117,1129.863,369.241,594.505,852.457,514.647,447.265,929.926,817.707,151.279
706.091,530.023,2132.415,1508.594,373.071,562.405,779.750,540.660,454.322,1150.668,873.800,168.924
696.827,564.842,2073.240,1583.109,371.665,530.234,789.076,589.792,461.208,1287.704,894.770,169.225
711.708,582.958,1911.829,1546.299,358.830,516.279,733.053,606.253,442.843,1218.770,862.882,155.839
706.739,643.072,1717.144,1482.159,373.162,519.048,752.778,623.353,451.250,1179.840,844.854,137.119
740.609,629.724,1500.336,1434.782,367.790,518.819,734.798,644.722,440.780,1091.074,810.343,119.702
751.856,617.459,1286.196,1438.558,369.878,516.402,721.712,661.087,433.681,1034.396,783.123,107.560
759.572,587.848,959.674,1393.375,367.739,509.799,711.997,631.642,425.377,948.042,729.507,91.867
759.527,549.763,778.877,1318.874,368.054,501.098,719.798,602.778,425.886,865.647,689.030,82.238
761.799,532.456,682.553,1321.539,372.134,541.452,741.033,596.486,421.473,858.600,682.953,81.447
753.057,556.157,661.121,1314.725,371.960,529.050,728.013,597.631,428.825,807.444,674.798,79.356
761.731,536.993,636.029,1281.113,377.730,515.832,756.558,609.858,411.491,708.783,659.612,76.699
774.547,556.111,626.852,1236.363,392.193,528.078,770.745,610.166,418.355,617.742,653.115,72.165
769.450,528.569,617.484,1177.183,401.182,522.595,758.606,574.886,421.274,553.550,632.478,67.979
729.544,544.827,605.518,1122.759,420.935,531.148,750.295,584.771,408.503,478.206,617.651,63.336
740.895,544.565,622.676,1078.800,418.040,549.739,786.614,576.548,407.681,452.856,617.841,61.575
783.714,575.440,627.315,1027.179,416.381,520.771,769.939,553.618,420.482,452.188,614.703,58.354
838.048,562.446,639.422,939.708,443.131,531.412,807.924,560.928,400.488,442.626,616.613,55.760
885.116,618.222,657.965,820.017,528.173,493.776,933.470,556.599,383.416,422.125,629.888,57.666
990.688,629.387,657.480,674.224,575.443,498.379,1455.346,562.599,423.849,423.335,689.073,94.295
984.286,633.497,644.549,554.604,621.179,498.593,2105.033,554.696,413.265,416.251,742.595,151.527
1065.093,683.979,671.006,509.925,577.153,485.761,2429.972,539.403,396.051,423.371,778.172,183.246
1095.408,683.261,674.443,503.502,501.651,502.163,2435.005,535.959,414.352,428.610,777.435,184.575
1094.734,738.917,690.025,495.200,434.832,520.721,2353.179,517.901,411.861,423.396,768.077,178.359
1090.538,728.975,665.292,494.785,417.523,521.010,2389.985,506.205,414.361,445.712,767.439,181.738
1031.887,752.732,699.789,491.108,395.142,524.746,2199.121,497.130,414.976,439.439,744.607,164.255
1032.691,696.402,699.818,490.551,380.452,511.271,2074.838,478.510,403.217,450.959,721.871,154.170
950.215,633.065,713.933,460.635,388.426,509.686,1954.967,472.353,388.334,448.619,692.023,142.980
790.654,559.730,715.478,466.840,385.230,504.510,1841.909,462.863,392.961,443.427,656.360,131.188
763.768,527.658,691.455,454.097,377.094,532.271,1894.833,486.887,420.696,457.151,660.591,134.952
711.654,551.778,744.073,472.319,368.739,518.063,1797.583,483.237,408.208,456.889,651.254,126.130
686.411,521.211,751.244,491.375,384.136,520.075,1740.720,490.224,407.337,548.201,654.093,119.380
676.615,519.897,763.384,470.452,379.105,515.902,1690.932,488.159,407.560,783.619,669.563,115.613
651.813,519.430,810.296,459.522,368.969,511.226,1546.811,488.517,401.084,1009.183,676.685,109.154
671.405,516.619,956.397,469.657,362.903,509.804,1487.962,466.372,429.798,1200.605,707.152,114.089
698.810,509.324,1278.322,470.756,377.611,514.397,1354.914,475.174,407.491,1272.658,735.946,120.074
684.873,530.729,1641.566,479.020,392.710,525.807,1174.641,484.000,454.440,1292.173,765.996,131.468
661.756,526.765,1931.708,461.730,369.270,515.867,1035.005,482.251,415.762,1193.211,759.332,148.227
694.972,554.018,2057.430,466.804,364.085,509.103,860.775,464.556,431.744,1115.460,751.895,153.835
729.297,601.208,2041.050,459.510,365.878,533.148,789.677,477.198,400.370,1057.691,745.503,150.368
746.354,674.920,1968.923,468.951,360.213,501.045,752.359,484.128,428.247,981.684,736.682,141.790
745.159,816.971,1807.937,472.940,361.182,499.116,761.417,497.718,427.849,957.842,734.813,127.400
778.850,1140.446,1642.722,476.570,387.713,521.384,720.949,566.838,432.048,913.942,758.146,117.056
773.839,1374.337,1481.384,477.227,376.307,505.000,700.846,685.401,411.292,832.668,761.830,115.157
793.960,1486.194,1238.760,475.387,371.875,488.354,724.245,1048.945,415.795,774.388,781.790,112.333
860.688,1469.627,962.326,462.768,374.381,494.377,745.232,1538.734,459.645,728.918,809.670,123.911
917.697,1353.619,779.342,483.715,359.128,483.452,693.621,1724.363,415.699,650.961,786.160,132.255
1085.283,1229.678,672.912,459.657,355.088,486.749,710.854,1813.671,433.846,585.974,783.371,138.082
1337.938,1094.328,643.570,464.415,376.943,485.638,711.881,1797.408,436.663,527.750,787.653,141.354
1515.895,927.441,629.981,480.205,364.102,498.128,702.596,1777.459,412.837,466.195,777.484,147.045
1718.057,713.484,622.948,479.043,372.949,497.427,738.126,1748.461,431.967,443.517,776.598,155.533
1785.620,610.637,610.520,464.167,375.423,489.899,758.538,1662.225,446.943,433.433,763.741,155.674
1766.762,553.837,602.071,453.031,371.349,482.319,749.013,1526.343,404.087,425.471,733.428,149.075
1609.558,519.665,621.121,490.034,388.884,485.563,754.384,1423.903,420.720,433.974,714.781,131.395
1406.088,510.891,621.712,501.078,389.449,477.899,760.399,1263.759,423.633,436.765,679.167,109.023
1113.943,513.889,582.514,472.432,394.276,467.776,766.563,1061.072,426.925,427.770,622.716,80.170
834.278,515.286,628.912,484.556,385.500,464.294,742.795,815.077,421.410,421.575,571.368,51.267
703.411,514.092,627.382,455.381,362.472,467.410,781.104,642.988,429.861,419.280,540.338,41.761
709.938,512.232,629.691,477.203,383.886,493.447,810.939,587.863,431.063,442.342,547.861,40.579
663.130,520.356,614.649,460.522,360.591,494.015,805.571,563.898,444.651,449.158,537.654,38.746
643.762,528.332,641.983,461.802,364.179,486.565,750.899,549.104,436.024,436.767,529.942,35.525
653.516,510.355,630.207,465.404,375.906,475.598,753.626,547.340,429.714,438.386,528.005,35.395
661.484,514.343,630.286,474.713,370.977,478.812,773.177,532.456,441.898,434.873,531.302,36.673
644.714,519.951,616.977,466.510,349.733,466.465,810.712,526.391,439.666,450.637,529.176,39.326
636.969,511.412,623.038,469.933,372.298,463.626,806.649,535.239,441.042,448.308,530.851,38.009
646.399,524.392,635.040,472.867,372.190,457.178,863.960,519.442,436.702,472.750,540.092,42.508
702.212,547.173,656.102,457.804,354.335,478.817,929.273,526.538,442.931,556.383,565.157,48.979
678.618,538.129,676.557,471.097,359.364,475.435,1320.515,497.357,410.021,775.255,620.235,83.564
689.459,553.069,698.484,478.683,364.486,498.462,2185.884,505.476,460.801,1075.508,751.031,162.534
720.977,578.025,698.046,468.452,460.571,487.746,2607.207,518.087,444.322,1305.904,828.934,202.684
723.074,604.792,684.781,464.662,649.770,484.259,2574.869,494.488,425.590,1352.093,845.838,198.985
769.609,648.611,698.612,476.044,750.460,478.108,2437.323,487.227,443.964,1332.847,852.281,184.585
764.303,639.531,707.480,469.657,673.494,486.859,2477.343,491.399,443.081,1229.163,838.231,186.130
791.385,664.016,755.397,484.092,600.474,486.503,2303.013,480.614,453.587,1171.712,819.079,169.530
750.615,657.748,865.499,464.428,524.628,461.033,2173.172,483.140,433.898,1077.374,789.153,158.937
820.516,706.980,1140.785,456.452,453.403,451.108,2009.836,469.181,441.310,996.272,794.584,149.168
819.530,725.874,1496.434,464.814,430.605,474.480,2003.207,465.829,463.750,966.762,831.129,159.255
867.204,784.154,1906.829,489.048,398.250,482.819,1954.947,483.154,465.367,936.183,876.795,175.908
883.992,800.469,2117.198,491.773,384.298,471.530,1882.904,466.362,460.307,891.030,884.986,185.828
976.433,959.562,2114.113,499.759,375.159,482.910,1778.833,480.067,440.386,825.973,893.319,180.501
1054.884,1172.931,2022.645,479.708,386.401,464.578,1720.111,461.442,417.503,822.136,900.234,175.858
1139.329,1338.521,1824.570,475.916,389.486,443.905,1592.144,464.724,433.154,744.152,884.590,163.135
1229.510,1465.356,1728.662,457.833,387.946,478.842,1570.083,477.027,441.620,703.157,894.004,162.061
1366.487,1467.413,1547.499,472.027,379.250,467.580,1430.836,451.055,416.958,615.450,861.456,154.367
1470.450,1417.075,1386.209,490.358,361.227,453.879,1303.490,470.401,441.687,538.410,833.319,145.944
1687.643,1305.090,1171.816,472.927,380.793,455.472,1137.386,463.145,421.491,482.546,797.831,143.317
1854.564,1160.676,943.545,484.148,356.940,476.307,957.750,480.725,430.931,451.082,759.667,142.553
1747.785,1006.768,781.434,475.857,369.040,489.603,878.313,485.633,448.503,446.664,712.960,126.733
1662.408,817.217,681.697,457.986,376.727,489.588,804.288,473.585,440.545,437.405,664.145,115.465
1435.088,662.884,613.843,459.206,365.929,490.178,735.197,478.089,447.295,440.467,612.818,93.191
1137.229,559.572,593.342,456.101,369.358,473.832,746.528,450.094,444.587,432.889,566.353,68.177
896.312,525.734,581.213,458.227,365.000,467.666,726.987,446.102,411.687,418.139,529.707,49.542
747.564,503.678,599.154,472.439,379.108,465.759,726.836,473.514,427.367,423.247,521.867,38.239
675.983,491.748,562.818,462.101,371.651,446.869,714.149,459.189,430.530,441.904,505.694,33.335
698.493,513.820,608.889,477.585,364.614,452.078,716.361,459.691,429.714,439.614,516.086,35.639
687.102,531.113,601.823,472.331,384.270,475.932,727.407,489.730,430.380,473.670,527.376,33.309
666.000,518.598,609.075,463.539,358.293,452.611,745.351,505.295,428.090,487.908,523.476,35.141
699.660,524.920,603.184,472.442,369.315,455.030,733.091,541.944,449.892,569.232,541.871,34.184
713.904,520.394,592.610,473.522,382.188,471.256,746.780,576.003,460.169,699.585,563.641,37.115
730.827,538.194,631.463,458.700,370.713,475.935,768.750,584.024,439.551,846.825,584.498,47.207
715.592,542.891,604.129,471.055,383.156,464.148,782.977,573.500,423.030,1064.163,602.464,61.614
734.357,536.510,578.422,475.770,370.520,442.716,764.694,568.932,448.120,1220.973,614.101,74.173
705.136,555.337,629.931,471.331,382.099,423.487,759.139,566.227,441.768,1177.471,611.193,70.204
754.224,555.358,600.710,488.976,363.636,444.286,767.773,546.437,425.699,1100.275,604.737,65.549
766.238,600.258,597.280,477.358,371.673,430.101,758.477,535.287,430.623,1025.754,599.305,60.244
790.966,653.049,603.881,460.527,344.540,434.545,783.755,543.413,439.139,996.488,605.030,60.924
782.674,813.528,613.188,464.684,376.452,433.264,793.129,557.867,508.220,966.395,630.940,58.940
794.725,939.750,638.294,467.503,370.639,457.847,872.444,530.700,630.220,958.819,666.094,64.046
752.773,1135.521,648.334,483.174,377.139,456.701,978.624,540.073,837.389,903.332,711.306,75.348
801.076,1262.907,638.858,475.602,373.545,442.819,1515.833,500.379,1033.425,850.152,789.460,114.587
804.496,1376.755,619.987,462.032,401.099,462.279,2301.030,485.749,1130.991,811.512,885.593,177.221
814.017,1402.801,625.557,486.654,545.412,448.239,2525.876,487.244,1208.633,772.564,931.700,193.687
804.875,1403.422,639.038,468.932,701.077,443.294,2510.540,476.242,1194.039,714.202,935.566,190.953
886.207,1317.703,644.017,467.986,715.222,446.060,2442.692,487.224,1223.437,632.868,926.342,184.020
944.385,1209.676,634.608,483.995,661.361,455.269,2385.902,476.323,1164.771,570.119,898.641,177.832
1075.337,1083.072,690.169,488.213,583.034,429.786,2258.460,470.954,1136.828,498.752,871.461,168.459
1165.419,911.333,684.762,484.411,502.898,443.897,2143.013,471.951,1056.172,462.620,832.648,159.811
1218.382,717.964,649.806,452.413,424.122,414.216,1961.096,461.452,884.370,439.364,762.319,148.358
1289.263,609.984,674.691,458.177,388.142,436.266,1944.811,458.505,785.648,442.792,748.828,149.626
1446.176,554.462,688.071,466.964,387.406,434.030,1869.995,453.809,682.539,430.958,741.441,151.191
1470.340,548.056,698.357,482.705,377.418,450.141,1754.205,456.164,573.581,437.613,724.858,144.211
1513.487,526.158,867.777,465.251,366.901,446.995,1691.912,469.058,515.753,434.484,729.778,144.326
1565.490,525.211,1213.923,466.787,379.588,417.510,1554.250,450.993,462.108,420.918,745.678,147.850
1505.144,530.775,1559.754,465.759,359.435,423.857,1480.573,476.507,436.545,425.357,766.371,155.667
1460.314,541.415,1965.198,484.365,363.997,432.239,1403.374,458.174,422.831,442.181,797.409,174.260
1177.176,533.936,2029.919,495.555,362.398,446.603,1273.199,477.638,429.111,436.565,766.210,164.951
988.241,553.557,2068.077,471.102,357.156,432.590,1114.740,510.594,413.449,446.853,735.636,159.968
837.431,578.436,1957.280,480.543,377.997,469.884,957.848,557.312,435.280,444.363,709.637,142.848
725.241,572.222,1820.478,470.459,359.955,440.781,838.962,585.582,429.735,471.570,671.498,128.742
686.989,574.881,1596.831,451.541,347.736,433.920,771.301,603.567,441.217,510.679,641.866,107.710
677.266,582.631,1471.017,454.683,373.963,459.832,755.086,670.631,395.602,590.225,643.094,95.349
681.210,616.637,1280.520,471.200,364.392,451.405,762.134,824.706,415.111,817.932,668.525,82.199
676.428,589.049,1025.597,478.869,354.543,427.960,727.242,1093.123,393.572,1163.189,692.957,90.794
693.609,633.667,852.630,473.300,381.866,439.972,732.015,1534.401,417.633,1289.698,744.879,116.299
713.408,667.144,691.775,452.753,442.835,417.254,715.460,1679.875,416.295,1199.917,739.671,121.803
727.399,751.969,648.190,464.135,501.395,447.925,726.242,1734.299,433.819,1154.377,758.975,121.563
696.011,815.778,631.196,466.648,530.415,442.455,752.702,1758.703,416.548,1072.674,758.313,121.513
737.244,887.441,610.424,490.683,524.739,428.113,767.316,1726.985,446.193,1046.856,766.599,118.008
697.130,982.593,629.902,484.162,499.384,424.239,758.687,1599.742,453.587,994.024,752.345,108.647
749.666,1111.198,598.386,457.442,478.750,439.691,755.202,1546.724,437.687,954.628,752.937,108.767
765.113,1224.693,575.643,479.056,480.270,432.362,728.864,1389.452,434.428,869.977,737.986,101.238
753.326,1415.819,577.530,477.817,450.153,428.784,753.866,1269.123,438.078,851.185,741.568,105.668
770.734,1428.420,596.008,547.792,426.739,413.540,767.894,1025.468,398.684,818.848,719.413,96.850
800.745,1429.471,592.689,893.266,407.852,446.641,756.606,790.010,405.967,786.933,731.018,91.454
851.722,1326.011,597.593,1359.288,402.273,419.832,774.169,595.609,409.033,704.316,743.985,105.306
843.901,1192.690,607.687,1579.869,394.179,432.407,791.111,502.971,423.587,670.468,743.887,114.735
871.802,1007.145,601.296,1593.435,370.722,425.930,785.439,473.014,416.386,601.009,714.618,112.351
887.210,814.585,582.800,1547.218,368.244,424.472,802.947,468.468,427.831,535.201,685.898,106.260
917.076,676.075,604.438,1551.609,350.727,421.952,812.470,458.517,420.762,480.433,669.406,108.127
915.215,600.149,588.004,1508.381,371.474,422.392,789.606,477.278,406.548,439.511,651.856,104.677
922.541,576.358,624.138,1518.167,353.801,425.955,801.477,453.251,419.021,441.035,653.574,106.328
874.881,551.871,603.697,1506.828,357.906,423.822,831.859,475.783,441.633,436.863,650.514,104.175
872.657,536.034,604.946,1486.469,364.710,427.038,841.591,493.242,415.352,434.650,647.669,102.861
831.181,532.966,580.827,1419.843,373.489,417.394,972.715,508.432,423.792,443.096,650.373,99.634
794.402,532.157,596.797,1393.186,358.614,428.397,1661.909,552.990,436.816,456.219,721.149,133.778
806.609,533.152,589.025,1407.976,384.028,430.060,2316.126,551.968,438.994,452.803,791.074,184.540
759.626,533.162,604.923,1369.408,517.256,428.590,2595.119,578.099,427.633,441.673,825.549,204.578
824.244,547.377,580.058,1300.962,654.097,419.658,2403.245,561.316,413.973,446.621,815.155,185.166
757.263,543.678,620.372,1334.355,740.116,434.156,2433.247,540.799,436.774,462.840,830.360,186.918
743.459,572.422,600.215,1245.119,618.142,426.947,2276.290,551.307,421.949,477.079,793.293,171.852
719.779,575.451,601.739,1243.727,543.787,429.392,2234.444,538.386,425.199,491.619,780.352,168.933
715.462,560.487,600.008,1207.758,465.784,429.384,2062.409,519.265,436.997,578.615,757.617,153.465
715.725,578.634,611.140,1148.263,418.963,437.671,1919.086,517.896,412.910,736.047,749.633,139.643
740.156,600.260,604.666,1096.886,386.901,439.101,1894.384,504.708,397.334,1076.293,774.069,140.972
775.076,574.402,607.643,993.410,373.060,423.450,1898.689,502.957,421.807,1279.752,785.025,145.475
756.142,623.162,606.171,863.599,374.511,433.183,1827.672,505.435,411.226,1239.939,764.104,136.568
816.130,638.453,601.612,679.454,368.716,424.271,1703.318,491.776,419.202,1149.058,729.199,123.900
849.516,655.886,603.678,578.541,381.173,423.357,1679.975,467.655,425.169,1109.739,717.469,121.705
901.487,690.070,610.862,519.080,365.241,431.563,1553.505,459.363,410.322,1041.854,698.335,111.921
947.462,738.538,621.770,514.044,350.705,423.407,1439.487,446.807,429.545,986.697,689.846,103.305
993.759,748.838,597.261,476.995,354.773,442.038,1287.657,449.365,431.175,931.220,671.308,92.755
1077.006,780.263,602.090,497.734,348.443,430.495,1144.568,457.370,421.024,914.147,667.314,87.453
1128.286,875.168,617.069,470.099,366.386,401.997,965.725,462.688,416.467,859.461,656.335,82.923
1266.414,1050.319,592.846,479.732,365.134,411.822,868.967,453.794,434.873,819.554,674.345,93.054
1424.057,1247.044,621.668,489.148,382.585,419.015,792.078,454.433,408.768,816.976,705.577,110.489
1524.346,1357.167,603.762,475.003,362.432,437.917,786.591,461.469,436.599,764.120,720.941,121.961
1607.167,1439.698,594.251,478.218,366.486,418.520,745.078,442.991,417.840,688.300,719.855,132.847
1643.139,1440.806,617.169,484.195,377.384,410.337,739.177,468.826,418.599,611.543,721.117,134.805
1552.527,1340.070,623.215,473.152,355.730,408.716,757.846,459.403,428.482,558.840,695.798,124.576
1400.802,1200.693,618.134,478.775,359.122,435.286,739.687,460.304,424.651,492.843,661.030,107.066
1179.677,1065.552,605.418,474.461,373.509,429.786,720.359,467.464,438.949,466.996,622.217,84.827
916.153,943.382,614.075,487.718,371.020,424.254,748.558,452.599,431.145,438.954,582.786,63.974
750.762,766.319,626.203,471.771,376.295,416.113,755.861,447.193,428.352,451.176,549.005,47.395
716.023,626.449,592.225,479.715,363.946,412.008,744.250,460.471,430.389,437.765,526.324,40.104
651.884,558.235,587.075,475.718,370.057,429.063,746.568,452.215,413.807,438.982,512.360,35.952
645.555,560.652,599.395,473.246,352.071,417.990,756.015,454.753,420.765,420.656,510.110,37.843
681.079,533.309,593.127,451.449,391.403,441.950,777.053,481.544,425.250,433.780,520.994,37.783
655.654,520.124,599.962,472.572,371.957,429.786,761.838,470.128,432.084,432.303,514.641,36.497
694.853,541.255,609.812,473.253,352.969,413.972,789.192,458.882,423.337,438.568,519.609,41.544
669.221,517.704,611.148,453.070,365.486,413.849,784.114,463.546,416.801,439.546,513.449,39.980
694.249,546.232,640.981,470.853,358.239,422.284,777.912,452.348,427.584,441.826,523.251,41.165
685.397,549.817,615.969,482.251,363.872,437.241,782.505,449.782,432.907,458.580,525.832,39.365
700.833,521.742,606.111,492.321,343.472,433.379,760.634,462.317,421.530,480.897,522.324,38.981
702.173,509.500,611.286,490.587,368.423,414.992,810.803,472.089,418.657,507.965,530.648,41.550
702.057,570.884,603.973,501.908,356.347,427.847,790.321,457.763,426.864,608.264,544.623,40.711
661.669,568.273,633.818,467.841,360.349,417.103,799.545,463.986,415.877,790.974,557.944,47.466
746.839,568.126,635.246,473.575,384.912,421.545,816.194,467.273,417.045,1127.174,605.793,70.237
706.323,565.562,629.363,468.800,366.707,406.628,817.045,455.875,417.395,1239.906,607.361,79.533
712.365,562.320,599.806,469.235,350.761,421.181,1163.876,459.113,416.377,1222.300,637.733,93.262
745.397,548.307,590.455,469.348,366.713,414.985,1931.225,472.933,433.940,1110.198,708.350,144.513
760.144,564.998,591.361,477.382,422.338,418.088,2423.972,469.734,422.151,1108.602,765.877,186.162
787.020,562.026,601.528,471.420,591.753,423.214,2557.679,463.935,440.377,1055.761,795.471,194.587
824.703,586.466,621.223,455.882,686.594,406.844,2375.894,452.362,426.120,966.034,780.212,176.967
800.538,618.588,629.858,465.406,700.483,417.538,2360.556,453.346,439.169,942.937,782.842,174.160
811.680,617.186,621.286,473.102,583.548,408.146,2251.167,445.101,419.383,900.810,753.141,165.459
866.227,653.363,602.887,478.433,512.037,431.510,2121.093,462.790,439.464,884.979,745.278,153.399
814.431,687.624,596.171,454.345,453.125,418.671,2040.525,458.667,428.145,857.121,720.882,147.443
